product_name,selling_title_draft,short_description,key_specifications,package_components,compatible_with,not_compatible_with,usage_notice,size_notice,shipping_notice,return_notice,overseas_purchase_notice,customer_check_before_order,warnings
실리콘 케이블 정리 클립 1,[규격확인 필수] 실리콘 케이블 정리 클립 1,본 상품은 해외 직구 규격품입니다.,친환경 실리콘 5구형,클립 2개 3M 양면테이프,지름 5mm 이하 모든 케이블,두꺼운 전원 케이블 비권장,부착 전 표면의 먼지를 제거하세요,구매 전 사이즈 표를 반드시 확인해 주세요.,국제 배송 상품으로 7~14일이 소요됩니다.,부착 후 제거 시 흔적이 남을 수 있음,본 제품은 해외 구매대행 상품입니다.,규격 불일치로 인한 반품 시 고객님께 반송비가 청구될 수 있습니다.,
카메라 삼각대 나사 어댑터 2,[규격확인 필수] 카메라 삼각대 나사 어댑터 2,본 상품은 해외 직구 규격품입니다.,,,상세 규격을 확인 후 주문해 주세요.,특수 규격 제품에는 호환되지 않을 수 있습니다.,,구매 전 사이즈 표를 반드시 확인해 주세요.,국제 배송 상품으로 7~14일이 소요됩니다.,,본 제품은 해외 구매대행 상품입니다.,규격 불일치로 인한 반품 시 고객님께 반송비가 청구될 수 있습니다.,
카메라 삼각대 나사 어댑터 3,[규격확인 필수] 카메라 삼각대 나사 어댑터 3,본 상품은 해외 직구 규격품입니다.,표준 1/4인치 to 3/8인치 변환 어댑터,나사 어댑터 1개,모든 1/4인치 삼각대 및 헤드,특수 규격 소니 구형 모델 비호환,무리하게 힘을 주어 조이지 마십시오,구매 전 사이즈 표를 반드시 확인해 주세요.,국제 배송 상품으로 7~14일이 소요됩니다.,제품 불량 시 100% 환불,본 제품은 해외 구매대행 상품입니다.,규격 불일치로 인한 반품 시 고객님께 반송비가 청구될 수 있습니다.,
실리콘 케이블 정리 클립 6,[규격확인 필수] 실리콘 케이블 정리 클립 6,본 상품은 해외 직구 규격품입니다.,,,상세 규격을 확인 후 주문해 주세요.,특수 규격 제품에는 호환되지 않을 수 있습니다.,,구매 전 사이즈 표를 반드시 확인해 주세요.,국제 배송 상품으로 7~14일이 소요됩니다.,,본 제품은 해외 구매대행 상품입니다.,규격 불일치로 인한 반품 시 고객님께 반송비가 청구될 수 있습니다.,
카메라 삼각대 나사 어댑터 7,[규격확인 필수] 카메라 삼각대 나사 어댑터 7,본 상품은 해외 직구 규격품입니다.,,,상세 규격을 확인 후 주문해 주세요.,특수 규격 제품에는 호환되지 않을 수 있습니다.,,구매 전 사이즈 표를 반드시 확인해 주세요.,국제 배송 상품으로 7~14일이 소요됩니다.,,본 제품은 해외 구매대행 상품입니다.,규격 불일치로 인한 반품 시 고객님께 반송비가 청구될 수 있습니다.,
완벽 호환 정품 케이스 8,[규격확인 필수] 완벽 호환 정품 케이스 8,본 상품은 해외 직구 규격품입니다.,,,상세 규격을 확인 후 주문해 주세요.,특수 규격 제품에는 호환되지 않을 수 있습니다.,,구매 전 사이즈 표를 반드시 확인해 주세요.,국제 배송 상품으로 7~14일이 소요됩니다.,,본 제품은 해외 구매대행 상품입니다.,규격 불일치로 인한 반품 시 고객님께 반송비가 청구될 수 있습니다.,금지/주의 문구 탐지됨
카메라 삼각대 나사 어댑터 13,[규격확인 필수] 카메라 삼각대 나사 어댑터 13,본 상품은 해외 직구 규격품입니다.,,,상세 규격을 확인 후 주문해 주세요.,특수 규격 제품에는 호환되지 않을 수 있습니다.,,구매 전 사이즈 표를 반드시 확인해 주세요.,국제 배송 상품으로 7~14일이 소요됩니다.,,본 제품은 해외 구매대행 상품입니다.,규격 불일치로 인한 반품 시 고객님께 반송비가 청구될 수 있습니다.,
실리콘 케이블 정리 클립 14,[규격확인 필수] 실리콘 케이블 정리 클립 14,본 상품은 해외 직구 규격품입니다.,친환경 실리콘 5구형,클립 2개 3M 양면테이프,지름 5mm 이하 모든 케이블,두꺼운 전원 케이블 비권장,부착 전 표면의 먼지를 제거하세요,구매 전 사이즈 표를 반드시 확인해 주세요.,국제 배송 상품으로 7~14일이 소요됩니다.,부착 후 제거 시 흔적이 남을 수 있음,본 제품은 해외 구매대행 상품입니다.,규격 불일치로 인한 반품 시 고객님께 반송비가 청구될 수 있습니다.,
실리콘 케이블 정리 클립 15,[규격확인 필수] 실리콘 케이블 정리 클립 15,본 상품은 해외 직구 규격품입니다.,친환경 실리콘 5구형,클립 2개 3M 양면테이프,지름 5mm 이하 모든 케이블,두꺼운 전원 케이블 비권장,부착 전 표면의 먼지를 제거하세요,구매 전 사이즈 표를 반드시 확인해 주세요.,국제 배송 상품으로 7~14일이 소요됩니다.,부착 후 제거 시 흔적이 남을 수 있음,본 제품은 해외 구매대행 상품입니다.,규격 불일치로 인한 반품 시 고객님께 반송비가 청구될 수 있습니다.,
실리콘 케이블 정리 클립 17,[규격확인 필수] 실리콘 케이블 정리 클립 17,본 상품은 해외 직구 규격품입니다.,,,상세 규격을 확인 후 주문해 주세요.,특수 규격 제품에는 호환되지 않을 수 있습니다.,,구매 전 사이즈 표를 반드시 확인해 주세요.,국제 배송 상품으로 7~14일이 소요됩니다.,,본 제품은 해외 구매대행 상품입니다.,규격 불일치로 인한 반품 시 고객님께 반송비가 청구될 수 있습니다.,
실리콘 케이블 정리 클립 20,[규격확인 필수] 실리콘 케이블 정리 클립 20,본 상품은 해외 직구 규격품입니다.,,,상세 규격을 확인 후 주문해 주세요.,특수 규격 제품에는 호환되지 않을 수 있습니다.,,구매 전 사이즈 표를 반드시 확인해 주세요.,국제 배송 상품으로 7~14일이 소요됩니다.,,본 제품은 해외 구매대행 상품입니다.,규격 불일치로 인한 반품 시 고객님께 반송비가 청구될 수 있습니다.,
실리콘 케이블 정리 클립 23,[규격확인 필수] 실리콘 케이블 정리 클립 23,본 상품은 해외 직구 규격품입니다.,친환경 실리콘 5구형,클립 2개 3M 양면테이프,지름 5mm 이하 모든 케이블,두꺼운 전원 케이블 비권장,부착 전 표면의 먼지를 제거하세요,구매 전 사이즈 표를 반드시 확인해 주세요.,국제 배송 상품으로 7~14일이 소요됩니다.,부착 후 제거 시 흔적이 남을 수 있음,본 제품은 해외 구매대행 상품입니다.,규격 불일치로 인한 반품 시 고객님께 반송비가 청구될 수 있습니다.,
카메라 삼각대 나사 어댑터 24,[규격확인 필수] 카메라 삼각대 나사 어댑터 24,본 상품은 해외 직구 규격품입니다.,,,상세 규격을 확인 후 주문해 주세요.,특수 규격 제품에는 호환되지 않을 수 있습니다.,,구매 전 사이즈 표를 반드시 확인해 주세요.,국제 배송 상품으로 7~14일이 소요됩니다.,,본 제품은 해외 구매대행 상품입니다.,규격 불일치로 인한 반품 시 고객님께 반송비가 청구될 수 있습니다.,
실리콘 케이블 정리 클립 26,[규격확인 필수] 실리콘 케이블 정리 클립 26,본 상품은 해외 직구 규격품입니다.,친환경 실리콘 5구형,클립 2개 3M 양면테이프,지름 5mm 이하 모든 케이블,두꺼운 전원 케이블 비권장,부착 전 표면의 먼지를 제거하세요,구매 전 사이즈 표를 반드시 확인해 주세요.,국제 배송 상품으로 7~14일이 소요됩니다.,부착 후 제거 시 흔적이 남을 수 있음,본 제품은 해외 구매대행 상품입니다.,규격 불일치로 인한 반품 시 고객님께 반송비가 청구될 수 있습니다.,
실리콘 케이블 정리 클립 28,[규격확인 필수] 실리콘 케이블 정리 클립 28,본 상품은 해외 직구 규격품입니다.,,,상세 규격을 확인 후 주문해 주세요.,특수 규격 제품에는 호환되지 않을 수 있습니다.,,구매 전 사이즈 표를 반드시 확인해 주세요.,국제 배송 상품으로 7~14일이 소요됩니다.,,본 제품은 해외 구매대행 상품입니다.,규격 불일치로 인한 반품 시 고객님께 반송비가 청구될 수 있습니다.,
카메라 삼각대 나사 어댑터 29,[규격확인 필수] 카메라 삼각대 나사 어댑터 29,본 상품은 해외 직구 규격품입니다.,,,상세 규격을 확인 후 주문해 주세요.,특수 규격 제품에는 호환되지 않을 수 있습니다.,,구매 전 사이즈 표를 반드시 확인해 주세요.,국제 배송 상품으로 7~14일이 소요됩니다.,,본 제품은 해외 구매대행 상품입니다.,규격 불일치로 인한 반품 시 고객님께 반송비가 청구될 수 있습니다.,
카메라 삼각대 나사 어댑터 30,[규격확인 필수] 카메라 삼각대 나사 어댑터 30,본 상품은 해외 직구 규격품입니다.,표준 1/4인치 to 3/8인치 변환 어댑터,나사 어댑터 1개,모든 1/4인치 삼각대 및 헤드,특수 규격 소니 구형 모델 비호환,무리하게 힘을 주어 조이지 마십시오,구매 전 사이즈 표를 반드시 확인해 주세요.,국제 배송 상품으로 7~14일이 소요됩니다.,제품 불량 시 100% 환불,본 제품은 해외 구매대행 상품입니다.,규격 불일치로 인한 반품 시 고객님께 반송비가 청구될 수 있습니다.,
실리콘 케이블 정리 클립 31,[규격확인 필수] 실리콘 케이블 정리 클립 31,본 상품은 해외 직구 규격품입니다.,,,상세 규격을 확인 후 주문해 주세요.,특수 규격 제품에는 호환되지 않을 수 있습니다.,,구매 전 사이즈 표를 반드시 확인해 주세요.,국제 배송 상품으로 7~14일이 소요됩니다.,,본 제품은 해외 구매대행 상품입니다.,규격 불일치로 인한 반품 시 고객님께 반송비가 청구될 수 있습니다.,
실리콘 케이블 정리 클립 33,[규격확인 필수] 실리콘 케이블 정리 클립 33,본 상품은 해외 직구 규격품입니다.,친환경 실리콘 5구형,클립 2개 3M 양면테이프,지름 5mm 이하 모든 케이블,두꺼운 전원 케이블 비권장,부착 전 표면의 먼지를 제거하세요,구매 전 사이즈 표를 반드시 확인해 주세요.,국제 배송 상품으로 7~14일이 소요됩니다.,부착 후 제거 시 흔적이 남을 수 있음,본 제품은 해외 구매대행 상품입니다.,규격 불일치로 인한 반품 시 고객님께 반송비가 청구될 수 있습니다.,
카메라 삼각대 나사 어댑터 37,[규격확인 필수] 카메라 삼각대 나사 어댑터 37,본 상품은 해외 직구 규격품입니다.,,,상세 규격을 확인 후 주문해 주세요.,특수 규격 제품에는 호환되지 않을 수 있습니다.,,구매 전 사이즈 표를 반드시 확인해 주세요.,국제 배송 상품으로 7~14일이 소요됩니다.,,본 제품은 해외 구매대행 상품입니다.,규격 불일치로 인한 반품 시 고객님께 반송비가 청구될 수 있습니다.,
실리콘 케이블 정리 클립 41,[규격확인 필수] 실리콘 케이블 정리 클립 41,본 상품은 해외 직구 규격품입니다.,친환경 실리콘 5구형,클립 2개 3M 양면테이프,지름 5mm 이하 모든 케이블,두꺼운 전원 케이블 비권장,부착 전 표면의 먼지를 제거하세요,구매 전 사이즈 표를 반드시 확인해 주세요.,국제 배송 상품으로 7~14일이 소요됩니다.,부착 후 제거 시 흔적이 남을 수 있음,본 제품은 해외 구매대행 상품입니다.,규격 불일치로 인한 반품 시 고객님께 반송비가 청구될 수 있습니다.,
카메라 삼각대 나사 어댑터 42,[규격확인 필수] 카메라 삼각대 나사 어댑터 42,본 상품은 해외 직구 규격품입니다.,표준 1/4인치 to 3/8인치 변환 어댑터,나사 어댑터 1개,모든 1/4인치 삼각대 및 헤드,특수 규격 소니 구형 모델 비호환,무리하게 힘을 주어 조이지 마십시오,구매 전 사이즈 표를 반드시 확인해 주세요.,국제 배송 상품으로 7~14일이 소요됩니다.,제품 불량 시 100% 환불,본 제품은 해외 구매대행 상품입니다.,규격 불일치로 인한 반품 시 고객님께 반송비가 청구될 수 있습니다.,
실리콘 케이블 정리 클립 43,[규격확인 필수] 실리콘 케이블 정리 클립 43,본 상품은 해외 직구 규격품입니다.,친환경 실리콘 5구형,클립 2개 3M 양면테이프,지름 5mm 이하 모든 케이블,두꺼운 전원 케이블 비권장,부착 전 표면의 먼지를 제거하세요,구매 전 사이즈 표를 반드시 확인해 주세요.,국제 배송 상품으로 7~14일이 소요됩니다.,부착 후 제거 시 흔적이 남을 수 있음,본 제품은 해외 구매대행 상품입니다.,규격 불일치로 인한 반품 시 고객님께 반송비가 청구될 수 있습니다.,
카메라 삼각대 나사 어댑터 47,[규격확인 필수] 카메라 삼각대 나사 어댑터 47,본 상품은 해외 직구 규격품입니다.,,,상세 규격을 확인 후 주문해 주세요.,특수 규격 제품에는 호환되지 않을 수 있습니다.,,구매 전 사이즈 표를 반드시 확인해 주세요.,국제 배송 상품으로 7~14일이 소요됩니다.,,본 제품은 해외 구매대행 상품입니다.,규격 불일치로 인한 반품 시 고객님께 반송비가 청구될 수 있습니다.,
실리콘 케이블 정리 클립 49,[규격확인 필수] 실리콘 케이블 정리 클립 49,본 상품은 해외 직구 규격품입니다.,,,상세 규격을 확인 후 주문해 주세요.,특수 규격 제품에는 호환되지 않을 수 있습니다.,,구매 전 사이즈 표를 반드시 확인해 주세요.,국제 배송 상품으로 7~14일이 소요됩니다.,,본 제품은 해외 구매대행 상품입니다.,규격 불일치로 인한 반품 시 고객님께 반송비가 청구될 수 있습니다.,
완벽 호환 정품 케이스 54,[규격확인 필수] 완벽 호환 정품 케이스 54,본 상품은 해외 직구 규격품입니다.,재질 알루미늄 무게 50g,본체 1개 보관 파우치,범용 1/4인치 나사 호환,M8 규격 나사 호환 불가,강한 충격에 주의하세요,구매 전 사이즈 표를 반드시 확인해 주세요.,국제 배송 상품으로 7~14일이 소요됩니다.,개봉 후 단순 변심 반품 불가,본 제품은 해외 구매대행 상품입니다.,규격 불일치로 인한 반품 시 고객님께 반송비가 청구될 수 있습니다.,금지/주의 문구 탐지됨
카메라 삼각대 나사 어댑터 57,[규격확인 필수] 카메라 삼각대 나사 어댑터 57,본 상품은 해외 직구 규격품입니다.,표준 1/4인치 to 3/8인치 변환 어댑터,나사 어댑터 1개,모든 1/4인치 삼각대 및 헤드,특수 규격 소니 구형 모델 비호환,무리하게 힘을 주어 조이지 마십시오,구매 전 사이즈 표를 반드시 확인해 주세요.,국제 배송 상품으로 7~14일이 소요됩니다.,제품 불량 시 100% 환불,본 제품은 해외 구매대행 상품입니다.,규격 불일치로 인한 반품 시 고객님께 반송비가 청구될 수 있습니다.,
카메라 삼각대 나사 어댑터 62,[규격확인 필수] 카메라 삼각대 나사 어댑터 62,본 상품은 해외 직구 규격품입니다.,표준 1/4인치 to 3/8인치 변환 어댑터,나사 어댑터 1개,모든 1/4인치 삼각대 및 헤드,특수 규격 소니 구형 모델 비호환,무리하게 힘을 주어 조이지 마십시오,구매 전 사이즈 표를 반드시 확인해 주세요.,국제 배송 상품으로 7~14일이 소요됩니다.,제품 불량 시 100% 환불,본 제품은 해외 구매대행 상품입니다.,규격 불일치로 인한 반품 시 고객님께 반송비가 청구될 수 있습니다.,
실리콘 케이블 정리 클립 63,[규격확인 필수] 실리콘 케이블 정리 클립 63,본 상품은 해외 직구 규격품입니다.,친환경 실리콘 5구형,클립 2개 3M 양면테이프,지름 5mm 이하 모든 케이블,두꺼운 전원 케이블 비권장,부착 전 표면의 먼지를 제거하세요,구매 전 사이즈 표를 반드시 확인해 주세요.,국제 배송 상품으로 7~14일이 소요됩니다.,부착 후 제거 시 흔적이 남을 수 있음,본 제품은 해외 구매대행 상품입니다.,규격 불일치로 인한 반품 시 고객님께 반송비가 청구될 수 있습니다.,
완벽 호환 정품 케이스 64,[규격확인 필수] 완벽 호환 정품 케이스 64,본 상품은 해외 직구 규격품입니다.,재질 알루미늄 무게 50g,본체 1개 보관 파우치,범용 1/4인치 나사 호환,M8 규격 나사 호환 불가,강한 충격에 주의하세요,구매 전 사이즈 표를 반드시 확인해 주세요.,국제 배송 상품으로 7~14일이 소요됩니다.,개봉 후 단순 변심 반품 불가,본 제품은 해외 구매대행 상품입니다.,규격 불일치로 인한 반품 시 고객님께 반송비가 청구될 수 있습니다.,금지/주의 문구 탐지됨
실리콘 케이블 정리 클립 67,[규격확인 필수] 실리콘 케이블 정리 클립 67,본 상품은 해외 직구 규격품입니다.,,,상세 규격을 확인 후 주문해 주세요.,특수 규격 제품에는 호환되지 않을 수 있습니다.,,구매 전 사이즈 표를 반드시 확인해 주세요.,국제 배송 상품으로 7~14일이 소요됩니다.,,본 제품은 해외 구매대행 상품입니다.,규격 불일치로 인한 반품 시 고객님께 반송비가 청구될 수 있습니다.,
카메라 삼각대 나사 어댑터 68,[규격확인 필수] 카메라 삼각대 나사 어댑터 68,본 상품은 해외 직구 규격품입니다.,표준 1/4인치 to 3/8인치 변환 어댑터,나사 어댑터 1개,모든 1/4인치 삼각대 및 헤드,특수 규격 소니 구형 모델 비호환,무리하게 힘을 주어 조이지 마십시오,구매 전 사이즈 표를 반드시 확인해 주세요.,국제 배송 상품으로 7~14일이 소요됩니다.,제품 불량 시 100% 환불,본 제품은 해외 구매대행 상품입니다.,규격 불일치로 인한 반품 시 고객님께 반송비가 청구될 수 있습니다.,
카메라 삼각대 나사 어댑터 74,[규격확인 필수] 카메라 삼각대 나사 어댑터 74,본 상품은 해외 직구 규격품입니다.,표준 1/4인치 to 3/8인치 변환 어댑터,나사 어댑터 1개,모든 1/4인치 삼각대 및 헤드,특수 규격 소니 구형 모델 비호환,무리하게 힘을 주어 조이지 마십시오,구매 전 사이즈 표를 반드시 확인해 주세요.,국제 배송 상품으로 7~14일이 소요됩니다.,제품 불량 시 100% 환불,본 제품은 해외 구매대행 상품입니다.,규격 불일치로 인한 반품 시 고객님께 반송비가 청구될 수 있습니다.,
카메라 삼각대 나사 어댑터 75,[규격확인 필수] 카메라 삼각대 나사 어댑터 75,본 상품은 해외 직구 규격품입니다.,,,상세 규격을 확인 후 주문해 주세요.,특수 규격 제품에는 호환되지 않을 수 있습니다.,,구매 전 사이즈 표를 반드시 확인해 주세요.,국제 배송 상품으로 7~14일이 소요됩니다.,,본 제품은 해외 구매대행 상품입니다.,규격 불일치로 인한 반품 시 고객님께 반송비가 청구될 수 있습니다.,
실리콘 케이블 정리 클립 76,[규격확인 필수] 실리콘 케이블 정리 클립 76,본 상품은 해외 직구 규격품입니다.,친환경 실리콘 5구형,클립 2개 3M 양면테이프,지름 5mm 이하 모든 케이블,두꺼운 전원 케이블 비권장,부착 전 표면의 먼지를 제거하세요,구매 전 사이즈 표를 반드시 확인해 주세요.,국제 배송 상품으로 7~14일이 소요됩니다.,부착 후 제거 시 흔적이 남을 수 있음,본 제품은 해외 구매대행 상품입니다.,규격 불일치로 인한 반품 시 고객님께 반송비가 청구될 수 있습니다.,
실리콘 케이블 정리 클립 79,[규격확인 필수] 실리콘 케이블 정리 클립 79,본 상품은 해외 직구 규격품입니다.,친환경 실리콘 5구형,클립 2개 3M 양면테이프,지름 5mm 이하 모든 케이블,두꺼운 전원 케이블 비권장,부착 전 표면의 먼지를 제거하세요,구매 전 사이즈 표를 반드시 확인해 주세요.,국제 배송 상품으로 7~14일이 소요됩니다.,부착 후 제거 시 흔적이 남을 수 있음,본 제품은 해외 구매대행 상품입니다.,규격 불일치로 인한 반품 시 고객님께 반송비가 청구될 수 있습니다.,
실리콘 케이블 정리 클립 83,[규격확인 필수] 실리콘 케이블 정리 클립 83,본 상품은 해외 직구 규격품입니다.,친환경 실리콘 5구형,클립 2개 3M 양면테이프,지름 5mm 이하 모든 케이블,두꺼운 전원 케이블 비권장,부착 전 표면의 먼지를 제거하세요,구매 전 사이즈 표를 반드시 확인해 주세요.,국제 배송 상품으로 7~14일이 소요됩니다.,부착 후 제거 시 흔적이 남을 수 있음,본 제품은 해외 구매대행 상품입니다.,규격 불일치로 인한 반품 시 고객님께 반송비가 청구될 수 있습니다.,
실리콘 케이블 정리 클립 85,[규격확인 필수] 실리콘 케이블 정리 클립 85,본 상품은 해외 직구 규격품입니다.,,,상세 규격을 확인 후 주문해 주세요.,특수 규격 제품에는 호환되지 않을 수 있습니다.,,구매 전 사이즈 표를 반드시 확인해 주세요.,국제 배송 상품으로 7~14일이 소요됩니다.,,본 제품은 해외 구매대행 상품입니다.,규격 불일치로 인한 반품 시 고객님께 반송비가 청구될 수 있습니다.,
완벽 호환 정품 케이스 87,[규격확인 필수] 완벽 호환 정품 케이스 87,본 상품은 해외 직구 규격품입니다.,,,상세 규격을 확인 후 주문해 주세요.,특수 규격 제품에는 호환되지 않을 수 있습니다.,,구매 전 사이즈 표를 반드시 확인해 주세요.,국제 배송 상품으로 7~14일이 소요됩니다.,,본 제품은 해외 구매대행 상품입니다.,규격 불일치로 인한 반품 시 고객님께 반송비가 청구될 수 있습니다.,금지/주의 문구 탐지됨
실리콘 케이블 정리 클립 92,[규격확인 필수] 실리콘 케이블 정리 클립 92,본 상품은 해외 직구 규격품입니다.,친환경 실리콘 5구형,클립 2개 3M 양면테이프,지름 5mm 이하 모든 케이블,두꺼운 전원 케이블 비권장,부착 전 표면의 먼지를 제거하세요,구매 전 사이즈 표를 반드시 확인해 주세요.,국제 배송 상품으로 7~14일이 소요됩니다.,부착 후 제거 시 흔적이 남을 수 있음,본 제품은 해외 구매대행 상품입니다.,규격 불일치로 인한 반품 시 고객님께 반송비가 청구될 수 있습니다.,
실리콘 케이블 정리 클립 94,[규격확인 필수] 실리콘 케이블 정리 클립 94,본 상품은 해외 직구 규격품입니다.,,,상세 규격을 확인 후 주문해 주세요.,특수 규격 제품에는 호환되지 않을 수 있습니다.,,구매 전 사이즈 표를 반드시 확인해 주세요.,국제 배송 상품으로 7~14일이 소요됩니다.,,본 제품은 해외 구매대행 상품입니다.,규격 불일치로 인한 반품 시 고객님께 반송비가 청구될 수 있습니다.,
실리콘 케이블 정리 클립 97,[규격확인 필수] 실리콘 케이블 정리 클립 97,본 상품은 해외 직구 규격품입니다.,,,상세 규격을 확인 후 주문해 주세요.,특수 규격 제품에는 호환되지 않을 수 있습니다.,,구매 전 사이즈 표를 반드시 확인해 주세요.,국제 배송 상품으로 7~14일이 소요됩니다.,,본 제품은 해외 구매대행 상품입니다.,규격 불일치로 인한 반품 시 고객님께 반송비가 청구될 수 있습니다.,
카메라 삼각대 나사 어댑터 100,[규격확인 필수] 카메라 삼각대 나사 어댑터 100,본 상품은 해외 직구 규격품입니다.,표준 1/4인치 to 3/8인치 변환 어댑터,나사 어댑터 1개,모든 1/4인치 삼각대 및 헤드,특수 규격 소니 구형 모델 비호환,무리하게 힘을 주어 조이지 마십시오,구매 전 사이즈 표를 반드시 확인해 주세요.,국제 배송 상품으로 7~14일이 소요됩니다.,제품 불량 시 100% 환불,본 제품은 해외 구매대행 상품입니다.,규격 불일치로 인한 반품 시 고객님께 반송비가 청구될 수 있습니다.,
실리콘 케이블 정리 클립 102,[규격확인 필수] 실리콘 케이블 정리 클립 102,본 상품은 해외 직구 규격품입니다.,친환경 실리콘 5구형,클립 2개 3M 양면테이프,지름 5mm 이하 모든 케이블,두꺼운 전원 케이블 비권장,부착 전 표면의 먼지를 제거하세요,구매 전 사이즈 표를 반드시 확인해 주세요.,국제 배송 상품으로 7~14일이 소요됩니다.,부착 후 제거 시 흔적이 남을 수 있음,본 제품은 해외 구매대행 상품입니다.,규격 불일치로 인한 반품 시 고객님께 반송비가 청구될 수 있습니다.,
완벽 호환 정품 케이스 111,[규격확인 필수] 완벽 호환 정품 케이스 111,본 상품은 해외 직구 규격품입니다.,재질 알루미늄 무게 50g,본체 1개 보관 파우치,범용 1/4인치 나사 호환,M8 규격 나사 호환 불가,강한 충격에 주의하세요,구매 전 사이즈 표를 반드시 확인해 주세요.,국제 배송 상품으로 7~14일이 소요됩니다.,개봉 후 단순 변심 반품 불가,본 제품은 해외 구매대행 상품입니다.,규격 불일치로 인한 반품 시 고객님께 반송비가 청구될 수 있습니다.,금지/주의 문구 탐지됨
카메라 삼각대 나사 어댑터 117,[규격확인 필수] 카메라 삼각대 나사 어댑터 117,본 상품은 해외 직구 규격품입니다.,표준 1/4인치 to 3/8인치 변환 어댑터,나사 어댑터 1개,모든 1/4인치 삼각대 및 헤드,특수 규격 소니 구형 모델 비호환,무리하게 힘을 주어 조이지 마십시오,구매 전 사이즈 표를 반드시 확인해 주세요.,국제 배송 상품으로 7~14일이 소요됩니다.,제품 불량 시 100% 환불,본 제품은 해외 구매대행 상품입니다.,규격 불일치로 인한 반품 시 고객님께 반송비가 청구될 수 있습니다.,
실리콘 케이블 정리 클립 119,[규격확인 필수] 실리콘 케이블 정리 클립 119,본 상품은 해외 직구 규격품입니다.,,,상세 규격을 확인 후 주문해 주세요.,특수 규격 제품에는 호환되지 않을 수 있습니다.,,구매 전 사이즈 표를 반드시 확인해 주세요.,국제 배송 상품으로 7~14일이 소요됩니다.,,본 제품은 해외 구매대행 상품입니다.,규격 불일치로 인한 반품 시 고객님께 반송비가 청구될 수 있습니다.,
