id,title,category,price_krw,cost_cny,shipping_fee_krw,option_count,supplier_score,weight_kg,has_detailed_specs,source_url,source_type,key_specifications,package_components,compatible_with,not_compatible_with,usage_notice,return_notice,source_title,source_price,source_shipping_fee,source_option_name,source_spec_text,source_component_text,source_seller_name,source_review_count,source_rating,source_stock_status,evidence_checked_at,original_page_checked,spec_verified,component_verified,compatibility_verified,price_verified,shipping_cost_verified,supplier_stock_verified,final_human_decision,human_memo,is_electric,has_battery,is_liquid_powder,is_fragile,is_wearable,is_child_product,is_medical,is_food,is_hygiene_related,is_sharp_tool,is_body_contact,is_water_use,has_medical_claim,has_brand_logo,is_unclear_compatibility,has_search_demand,is_clear_usage,is_consumable,is_hard_to_find_locally,has_differentiation,has_sales_history,thread_size,male_female_type,conversion_direction,material,length,outer_diameter,component_quantity,source_option_verified
"P001","테스트 상품 1","카메라용품","50000","50","3000","2","95","0.1","true","http://item.taobao.com/1","SAFE","","","","","","","Taobao Item 1 Original Title","50.00 CNY","0.00","Standard Silver","Aluminum Alloy, 500g","Body, Pouch, Manual","Taobao Store A","100","4.8","In Stock","2026-04-26T08:54:42.298Z","false","false","false","false","false","false","false","","v2.7 테스트","false","false","false","false","false","false","false","false","false","false","false","false","false","false","false","true","true","true","true","true","true","","","","알루미늄 합금","20mm","15mm","1개","false"
"P002","테스트 상품 2","카메라용품","50000","50","3000","2","95","0.1","true","http://item.taobao.com/2","MIXED","재질 알루미늄 무게 50g","본체 1개 보관 파우치","범용 1/4인치 나사 호환","M8 규격 나사 호환 불가","강한 충격에 주의하세요","개봉 후 단순 변심 반품 불가","Taobao Item 2 Original Title","50.00 CNY","0.00","Standard Silver","Aluminum Alloy, 500g","Body, Pouch, Manual","Taobao Store A","100","4.8","In Stock","2026-04-26T08:54:42.300Z","false","false","false","false","false","false","false","","v2.7 테스트","false","false","false","false","false","false","false","false","false","false","false","false","false","false","false","true","true","true","true","true","true","","","","알루미늄 합금","20mm","15mm","1개","false"
"P003","테스트 상품 3","카메라용품","50000","50","3000","2","95","0.1","true","http://item.taobao.com/3","MIXED","","","","","","","Taobao Item 3 Original Title","50.00 CNY","0.00","Standard Silver","Aluminum Alloy, 500g","Body, Pouch, Manual","Taobao Store A","100","4.8","In Stock","2026-04-26T08:54:42.300Z","false","false","false","false","false","false","false","","v2.7 테스트","false","false","false","false","false","false","false","false","false","false","false","false","false","false","false","true","true","true","true","true","true","","","","알루미늄 합금","20mm","15mm","1개","false"
"P004","테스트 상품 4","카메라용품","50000","50","3000","2","95","0.1","true","http://item.taobao.com/4","MIXED","재질 알루미늄 무게 50g","본체 1개 보관 파우치","범용 1/4인치 나사 호환","M8 규격 나사 호환 불가","강한 충격에 주의하세요","개봉 후 단순 변심 반품 불가","Taobao Item 4 Original Title","50.00 CNY","0.00","Standard Silver","Aluminum Alloy, 500g","Body, Pouch, Manual","Taobao Store A","100","4.8","In Stock","2026-04-26T08:54:42.300Z","false","false","false","false","false","false","false","","v2.7 테스트","false","false","false","false","false","false","false","false","false","false","false","false","false","false","false","true","true","true","true","true","true","","","","알루미늄 합금","20mm","15mm","1개","false"
"P005","테스트 상품 5","카메라용품","50000","50","3000","2","95","0.1","true","http://item.taobao.com/5","SAFE","재질 알루미늄 무게 50g","본체 1개 보관 파우치","범용 1/4인치 나사 호환","M8 규격 나사 호환 불가","강한 충격에 주의하세요","개봉 후 단순 변심 반품 불가","Taobao Item 5 Original Title","50.00 CNY","0.00","Standard Silver","Aluminum Alloy, 500g","Body, Pouch, Manual","Taobao Store A","100","4.8","In Stock","2026-04-26T08:54:42.300Z","false","false","false","false","false","false","false","","v2.7 테스트","false","false","false","false","false","false","false","false","false","false","false","false","false","false","false","true","true","true","true","true","true","","","","알루미늄 합금","20mm","15mm","1개","false"
"P006","테스트 상품 6","카메라용품","50000","50","3000","2","95","0.1","true","http://item.taobao.com/6","SAFE","","","","","","","Taobao Item 6 Original Title","50.00 CNY","0.00","Standard Silver","Aluminum Alloy, 500g","Body, Pouch, Manual","Taobao Store A","100","4.8","In Stock","2026-04-26T08:54:42.300Z","false","false","false","false","false","false","false","","v2.7 테스트","false","false","false","false","false","false","false","false","false","false","false","false","false","false","false","true","true","true","true","true","true","","","","알루미늄 합금","20mm","15mm","1개","false"
"P007","테스트 상품 7","카메라용품","50000","50","3000","2","95","0.1","true","http://item.taobao.com/7","MIXED","","","","","","","Taobao Item 7 Original Title","50.00 CNY","0.00","Standard Silver","Aluminum Alloy, 500g","Body, Pouch, Manual","Taobao Store A","100","4.8","In Stock","2026-04-26T08:54:42.300Z","false","false","false","false","false","false","false","","v2.7 테스트","false","false","false","false","false","false","false","false","false","false","false","false","false","false","false","true","true","true","true","true","true","","","","알루미늄 합금","20mm","15mm","1개","false"
"P008","테스트 상품 8","카메라용품","50000","50","3000","2","95","0.1","true","http://item.taobao.com/8","MIXED","재질 알루미늄 무게 50g","본체 1개 보관 파우치","범용 1/4인치 나사 호환","M8 규격 나사 호환 불가","강한 충격에 주의하세요","개봉 후 단순 변심 반품 불가","Taobao Item 8 Original Title","50.00 CNY","0.00","Standard Silver","Aluminum Alloy, 500g","Body, Pouch, Manual","Taobao Store A","100","4.8","In Stock","2026-04-26T08:54:42.300Z","false","false","false","false","false","false","false","","v2.7 테스트","false","false","false","false","false","false","false","false","false","false","false","false","false","false","false","true","true","true","true","true","true","","","","알루미늄 합금","20mm","15mm","1개","false"
"P009","테스트 상품 9","카메라용품","50000","50","3000","2","95","0.1","true","http://item.taobao.com/9","SAFE","","","","","","","Taobao Item 9 Original Title","50.00 CNY","0.00","Standard Silver","Aluminum Alloy, 500g","Body, Pouch, Manual","Taobao Store A","100","4.8","In Stock","2026-04-26T08:54:42.300Z","false","false","false","false","false","false","false","","v2.7 테스트","false","false","false","false","false","false","false","false","false","false","false","false","false","false","false","true","true","true","true","true","true","","","","알루미늄 합금","20mm","15mm","1개","false"
"P010","테스트 상품 10","카메라용품","50000","50","3000","2","95","0.1","true","http://item.taobao.com/10","MIXED","","","","","","","Taobao Item 10 Original Title","50.00 CNY","0.00","Standard Silver","Aluminum Alloy, 500g","Body, Pouch, Manual","Taobao Store A","100","4.8","In Stock","2026-04-26T08:54:42.300Z","false","false","false","false","false","false","false","","v2.7 테스트","false","false","false","false","false","false","false","false","false","false","false","false","false","false","false","true","true","true","true","true","true","","","","알루미늄 합금","20mm","15mm","1개","false"
"P011","테스트 상품 11","카메라용품","50000","50","3000","2","95","0.1","true","http://item.taobao.com/11","SAFE","","","","","","","Taobao Item 11 Original Title","50.00 CNY","0.00","Standard Silver","Aluminum Alloy, 500g","Body, Pouch, Manual","Taobao Store A","100","4.8","In Stock","2026-04-26T08:54:42.300Z","false","false","false","false","false","false","false","","v2.7 테스트","false","false","false","false","false","false","false","false","false","false","false","false","false","false","false","true","true","true","true","true","true","","","","알루미늄 합금","20mm","15mm","1개","false"
"P012","테스트 상품 12","카메라용품","50000","50","3000","2","95","0.1","true","http://item.taobao.com/12","SAFE","재질 알루미늄 무게 50g","본체 1개 보관 파우치","범용 1/4인치 나사 호환","M8 규격 나사 호환 불가","강한 충격에 주의하세요","개봉 후 단순 변심 반품 불가","Taobao Item 12 Original Title","50.00 CNY","0.00","Standard Silver","Aluminum Alloy, 500g","Body, Pouch, Manual","Taobao Store A","100","4.8","In Stock","2026-04-26T08:54:42.300Z","false","false","false","false","false","false","false","","v2.7 테스트","false","false","false","false","false","false","false","false","false","false","false","false","false","false","false","true","true","true","true","true","true","","","","알루미늄 합금","20mm","15mm","1개","false"
"P013","테스트 상품 13","카메라용품","50000","50","3000","2","95","0.1","true","http://item.taobao.com/13","MIXED","재질 알루미늄 무게 50g","본체 1개 보관 파우치","범용 1/4인치 나사 호환","M8 규격 나사 호환 불가","강한 충격에 주의하세요","개봉 후 단순 변심 반품 불가","Taobao Item 13 Original Title","50.00 CNY","0.00","Standard Silver","Aluminum Alloy, 500g","Body, Pouch, Manual","Taobao Store A","100","4.8","In Stock","2026-04-26T08:54:42.300Z","false","false","false","false","false","false","false","","v2.7 테스트","false","false","false","false","false","false","false","false","false","false","false","false","false","false","false","true","true","true","true","true","true","","","","알루미늄 합금","20mm","15mm","1개","false"
"P014","테스트 상품 14","카메라용품","50000","50","3000","2","95","0.1","true","http://item.taobao.com/14","MIXED","","","","","","","Taobao Item 14 Original Title","50.00 CNY","0.00","Standard Silver","Aluminum Alloy, 500g","Body, Pouch, Manual","Taobao Store A","100","4.8","In Stock","2026-04-26T08:54:42.300Z","false","false","false","false","false","false","false","","v2.7 테스트","false","false","false","false","false","false","false","false","false","false","false","false","false","false","false","true","true","true","true","true","true","","","","알루미늄 합금","20mm","15mm","1개","false"
"P015","테스트 상품 15","카메라용품","50000","50","3000","2","95","0.1","true","http://item.taobao.com/15","MIXED","재질 알루미늄 무게 50g","본체 1개 보관 파우치","범용 1/4인치 나사 호환","M8 규격 나사 호환 불가","강한 충격에 주의하세요","개봉 후 단순 변심 반품 불가","Taobao Item 15 Original Title","50.00 CNY","0.00","Standard Silver","Aluminum Alloy, 500g","Body, Pouch, Manual","Taobao Store A","100","4.8","In Stock","2026-04-26T08:54:42.300Z","false","false","false","false","false","false","false","","v2.7 테스트","false","false","false","false","false","false","false","false","false","false","false","false","false","false","false","true","true","true","true","true","true","","","","알루미늄 합금","20mm","15mm","1개","false"
"P016","테스트 상품 16","카메라용품","50000","50","3000","2","95","0.1","true","http://item.taobao.com/16","MIXED","","","","","","","Taobao Item 16 Original Title","50.00 CNY","0.00","Standard Silver","Aluminum Alloy, 500g","Body, Pouch, Manual","Taobao Store A","100","4.8","In Stock","2026-04-26T08:54:42.300Z","false","false","false","false","false","false","false","","v2.7 테스트","false","false","false","false","false","false","false","false","false","false","false","false","false","false","false","true","true","true","true","true","true","","","","알루미늄 합금","20mm","15mm","1개","false"
"P017","테스트 상품 17","카메라용품","50000","50","3000","2","95","0.1","true","http://item.taobao.com/17","SAFE","","","","","","","Taobao Item 17 Original Title","50.00 CNY","0.00","Standard Silver","Aluminum Alloy, 500g","Body, Pouch, Manual","Taobao Store A","100","4.8","In Stock","2026-04-26T08:54:42.300Z","false","false","false","false","false","false","false","","v2.7 테스트","false","false","false","false","false","false","false","false","false","false","false","false","false","false","false","true","true","true","true","true","true","","","","알루미늄 합금","20mm","15mm","1개","false"
"P018","테스트 상품 18","카메라용품","50000","50","3000","2","95","0.1","true","http://item.taobao.com/18","MIXED","재질 알루미늄 무게 50g","본체 1개 보관 파우치","범용 1/4인치 나사 호환","M8 규격 나사 호환 불가","강한 충격에 주의하세요","개봉 후 단순 변심 반품 불가","Taobao Item 18 Original Title","50.00 CNY","0.00","Standard Silver","Aluminum Alloy, 500g","Body, Pouch, Manual","Taobao Store A","100","4.8","In Stock","2026-04-26T08:54:42.300Z","false","false","false","false","false","false","false","","v2.7 테스트","false","false","false","false","false","false","false","false","false","false","false","false","false","false","false","true","true","true","true","true","true","","","","알루미늄 합금","20mm","15mm","1개","false"
"P019","테스트 상품 19","카메라용품","50000","50","3000","2","95","0.1","true","http://item.taobao.com/19","MIXED","재질 알루미늄 무게 50g","본체 1개 보관 파우치","범용 1/4인치 나사 호환","M8 규격 나사 호환 불가","강한 충격에 주의하세요","개봉 후 단순 변심 반품 불가","Taobao Item 19 Original Title","50.00 CNY","0.00","Standard Silver","Aluminum Alloy, 500g","Body, Pouch, Manual","Taobao Store A","100","4.8","In Stock","2026-04-26T08:54:42.300Z","false","false","false","false","false","false","false","","v2.7 테스트","false","false","false","false","false","false","false","false","false","false","false","false","false","false","false","true","true","true","true","true","true","","","","알루미늄 합금","20mm","15mm","1개","false"
"P020","테스트 상품 20","카메라용품","50000","50","3000","2","95","0.1","true","http://item.taobao.com/20","MIXED","","","","","","","Taobao Item 20 Original Title","50.00 CNY","0.00","Standard Silver","Aluminum Alloy, 500g","Body, Pouch, Manual","Taobao Store A","100","4.8","In Stock","2026-04-26T08:54:42.300Z","false","false","false","false","false","false","false","","v2.7 테스트","false","false","false","false","false","false","false","false","false","false","false","false","false","false","false","true","true","true","true","true","true","","","","알루미늄 합금","20mm","15mm","1개","false"
"P021","테스트 상품 21","카메라용품","50000","50","3000","2","95","0.1","true","http://item.taobao.com/21","MIXED","재질 알루미늄 무게 50g","본체 1개 보관 파우치","범용 1/4인치 나사 호환","M8 규격 나사 호환 불가","강한 충격에 주의하세요","개봉 후 단순 변심 반품 불가","Taobao Item 21 Original Title","50.00 CNY","0.00","Standard Silver","Aluminum Alloy, 500g","Body, Pouch, Manual","Taobao Store A","100","4.8","In Stock","2026-04-26T08:54:42.300Z","false","false","false","false","false","false","false","","v2.7 테스트","false","false","false","false","false","false","false","false","false","false","false","false","false","false","false","true","true","true","true","true","true","","","","알루미늄 합금","20mm","15mm","1개","false"
"P022","테스트 상품 22","카메라용품","50000","50","3000","2","95","0.1","true","http://item.taobao.com/22","SAFE","","","","","","","Taobao Item 22 Original Title","50.00 CNY","0.00","Standard Silver","Aluminum Alloy, 500g","Body, Pouch, Manual","Taobao Store A","100","4.8","In Stock","2026-04-26T08:54:42.300Z","false","false","false","false","false","false","false","","v2.7 테스트","false","false","false","false","false","false","false","false","false","false","false","false","false","false","false","true","true","true","true","true","true","","","","알루미늄 합금","20mm","15mm","1개","false"
"P023","테스트 상품 23","카메라용품","50000","50","3000","2","95","0.1","true","http://item.taobao.com/23","MIXED","","","","","","","Taobao Item 23 Original Title","50.00 CNY","0.00","Standard Silver","Aluminum Alloy, 500g","Body, Pouch, Manual","Taobao Store A","100","4.8","In Stock","2026-04-26T08:54:42.300Z","false","false","false","false","false","false","false","","v2.7 테스트","false","false","false","false","false","false","false","false","false","false","false","false","false","false","false","true","true","true","true","true","true","","","","알루미늄 합금","20mm","15mm","1개","false"
"P024","테스트 상품 24","카메라용품","50000","50","3000","2","95","0.1","true","http://item.taobao.com/24","MIXED","재질 알루미늄 무게 50g","본체 1개 보관 파우치","범용 1/4인치 나사 호환","M8 규격 나사 호환 불가","강한 충격에 주의하세요","개봉 후 단순 변심 반품 불가","Taobao Item 24 Original Title","50.00 CNY","0.00","Standard Silver","Aluminum Alloy, 500g","Body, Pouch, Manual","Taobao Store A","100","4.8","In Stock","2026-04-26T08:54:42.300Z","false","false","false","false","false","false","false","","v2.7 테스트","false","false","false","false","false","false","false","false","false","false","false","false","false","false","false","true","true","true","true","true","true","","","","알루미늄 합금","20mm","15mm","1개","false"
"P025","테스트 상품 25","카메라용품","50000","50","3000","2","95","0.1","true","http://item.taobao.com/25","MIXED","재질 알루미늄 무게 50g","본체 1개 보관 파우치","범용 1/4인치 나사 호환","M8 규격 나사 호환 불가","강한 충격에 주의하세요","개봉 후 단순 변심 반품 불가","Taobao Item 25 Original Title","50.00 CNY","0.00","Standard Silver","Aluminum Alloy, 500g","Body, Pouch, Manual","Taobao Store A","100","4.8","In Stock","2026-04-26T08:54:42.300Z","false","false","false","false","false","false","false","","v2.7 테스트","false","false","false","false","false","false","false","false","false","false","false","false","false","false","false","true","true","true","true","true","true","","","","알루미늄 합금","20mm","15mm","1개","false"
"P026","테스트 상품 26","카메라용품","50000","50","3000","2","95","0.1","true","http://item.taobao.com/26","MIXED","재질 알루미늄 무게 50g","본체 1개 보관 파우치","범용 1/4인치 나사 호환","M8 규격 나사 호환 불가","강한 충격에 주의하세요","개봉 후 단순 변심 반품 불가","Taobao Item 26 Original Title","50.00 CNY","0.00","Standard Silver","Aluminum Alloy, 500g","Body, Pouch, Manual","Taobao Store A","100","4.8","In Stock","2026-04-26T08:54:42.300Z","false","false","false","false","false","false","false","","v2.7 테스트","false","false","false","false","false","false","false","false","false","false","false","false","false","false","false","true","true","true","true","true","true","","","","알루미늄 합금","20mm","15mm","1개","false"
"P027","테스트 상품 27","카메라용품","50000","50","3000","2","95","0.1","true","http://item.taobao.com/27","SAFE","","","","","","","Taobao Item 27 Original Title","50.00 CNY","0.00","Standard Silver","Aluminum Alloy, 500g","Body, Pouch, Manual","Taobao Store A","100","4.8","In Stock","2026-04-26T08:54:42.300Z","false","false","false","false","false","false","false","","v2.7 테스트","false","false","false","false","false","false","false","false","false","false","false","false","false","false","false","true","true","true","true","true","true","","","","알루미늄 합금","20mm","15mm","1개","false"
"P028","테스트 상품 28","카메라용품","50000","50","3000","2","95","0.1","true","http://item.taobao.com/28","MIXED","","","","","","","Taobao Item 28 Original Title","50.00 CNY","0.00","Standard Silver","Aluminum Alloy, 500g","Body, Pouch, Manual","Taobao Store A","100","4.8","In Stock","2026-04-26T08:54:42.300Z","false","false","false","false","false","false","false","","v2.7 테스트","false","false","false","false","false","false","false","false","false","false","false","false","false","false","false","true","true","true","true","true","true","","","","알루미늄 합금","20mm","15mm","1개","false"
"P029","테스트 상품 29","카메라용품","50000","50","3000","2","95","0.1","true","http://item.taobao.com/29","MIXED","재질 알루미늄 무게 50g","본체 1개 보관 파우치","범용 1/4인치 나사 호환","M8 규격 나사 호환 불가","강한 충격에 주의하세요","개봉 후 단순 변심 반품 불가","Taobao Item 29 Original Title","50.00 CNY","0.00","Standard Silver","Aluminum Alloy, 500g","Body, Pouch, Manual","Taobao Store A","100","4.8","In Stock","2026-04-26T08:54:42.300Z","false","false","false","false","false","false","false","","v2.7 테스트","false","false","false","false","false","false","false","false","false","false","false","false","false","false","false","true","true","true","true","true","true","","","","알루미늄 합금","20mm","15mm","1개","false"
"P030","테스트 상품 30","카메라용품","50000","50","3000","2","95","0.1","true","http://item.taobao.com/30","MIXED","","","","","","","Taobao Item 30 Original Title","50.00 CNY","0.00","Standard Silver","Aluminum Alloy, 500g","Body, Pouch, Manual","Taobao Store A","100","4.8","In Stock","2026-04-26T08:54:42.300Z","false","false","false","false","false","false","false","","v2.7 테스트","false","false","false","false","false","false","false","false","false","false","false","false","false","false","false","true","true","true","true","true","true","","","","알루미늄 합금","20mm","15mm","1개","false"
"P031","테스트 상품 31","카메라용품","50000","50","3000","2","95","0.1","true","http://item.taobao.com/31","MIXED","","","","","","","Taobao Item 31 Original Title","50.00 CNY","0.00","Standard Silver","Aluminum Alloy, 500g","Body, Pouch, Manual","Taobao Store A","100","4.8","In Stock","2026-04-26T08:54:42.300Z","false","false","false","false","false","false","false","","v2.7 테스트","false","false","false","false","false","false","false","false","false","false","false","false","false","false","false","true","true","true","true","true","true","","","","알루미늄 합금","20mm","15mm","1개","false"
"P032","테스트 상품 32","카메라용품","50000","50","3000","2","95","0.1","true","http://item.taobao.com/32","MIXED","","","","","","","Taobao Item 32 Original Title","50.00 CNY","0.00","Standard Silver","Aluminum Alloy, 500g","Body, Pouch, Manual","Taobao Store A","100","4.8","In Stock","2026-04-26T08:54:42.300Z","false","false","false","false","false","false","false","","v2.7 테스트","false","false","false","false","false","false","false","false","false","false","false","false","false","false","false","true","true","true","true","true","true","","","","알루미늄 합금","20mm","15mm","1개","false"
"P033","테스트 상품 33","카메라용품","50000","50","3000","2","95","0.1","true","http://item.taobao.com/33","MIXED","재질 알루미늄 무게 50g","본체 1개 보관 파우치","범용 1/4인치 나사 호환","M8 규격 나사 호환 불가","강한 충격에 주의하세요","개봉 후 단순 변심 반품 불가","Taobao Item 33 Original Title","50.00 CNY","0.00","Standard Silver","Aluminum Alloy, 500g","Body, Pouch, Manual","Taobao Store A","100","4.8","In Stock","2026-04-26T08:54:42.300Z","false","false","false","false","false","false","false","","v2.7 테스트","false","false","false","false","false","false","false","false","false","false","false","false","false","false","false","true","true","true","true","true","true","","","","알루미늄 합금","20mm","15mm","1개","false"
"P034","테스트 상품 34","카메라용품","50000","50","3000","2","95","0.1","true","http://item.taobao.com/34","MIXED","","","","","","","Taobao Item 34 Original Title","50.00 CNY","0.00","Standard Silver","Aluminum Alloy, 500g","Body, Pouch, Manual","Taobao Store A","100","4.8","In Stock","2026-04-26T08:54:42.300Z","false","false","false","false","false","false","false","","v2.7 테스트","false","false","false","false","false","false","false","false","false","false","false","false","false","false","false","true","true","true","true","true","true","","","","알루미늄 합금","20mm","15mm","1개","false"
"P035","테스트 상품 35","카메라용품","50000","50","3000","2","95","0.1","true","http://item.taobao.com/35","MIXED","재질 알루미늄 무게 50g","본체 1개 보관 파우치","범용 1/4인치 나사 호환","M8 규격 나사 호환 불가","강한 충격에 주의하세요","개봉 후 단순 변심 반품 불가","Taobao Item 35 Original Title","50.00 CNY","0.00","Standard Silver","Aluminum Alloy, 500g","Body, Pouch, Manual","Taobao Store A","100","4.8","In Stock","2026-04-26T08:54:42.300Z","false","false","false","false","false","false","false","","v2.7 테스트","false","false","false","false","false","false","false","false","false","false","false","false","false","false","false","true","true","true","true","true","true","","","","알루미늄 합금","20mm","15mm","1개","false"
"P036","테스트 상품 36","카메라용품","50000","50","3000","2","95","0.1","true","http://item.taobao.com/36","SAFE","재질 알루미늄 무게 50g","본체 1개 보관 파우치","범용 1/4인치 나사 호환","M8 규격 나사 호환 불가","강한 충격에 주의하세요","개봉 후 단순 변심 반품 불가","Taobao Item 36 Original Title","50.00 CNY","0.00","Standard Silver","Aluminum Alloy, 500g","Body, Pouch, Manual","Taobao Store A","100","4.8","In Stock","2026-04-26T08:54:42.300Z","false","false","false","false","false","false","false","","v2.7 테스트","false","false","false","false","false","false","false","false","false","false","false","false","false","false","false","true","true","true","true","true","true","","","","알루미늄 합금","20mm","15mm","1개","false"
"P037","테스트 상품 37","카메라용품","50000","50","3000","2","95","0.1","true","http://item.taobao.com/37","MIXED","재질 알루미늄 무게 50g","본체 1개 보관 파우치","범용 1/4인치 나사 호환","M8 규격 나사 호환 불가","강한 충격에 주의하세요","개봉 후 단순 변심 반품 불가","Taobao Item 37 Original Title","50.00 CNY","0.00","Standard Silver","Aluminum Alloy, 500g","Body, Pouch, Manual","Taobao Store A","100","4.8","In Stock","2026-04-26T08:54:42.300Z","false","false","false","false","false","false","false","","v2.7 테스트","false","false","false","false","false","false","false","false","false","false","false","false","false","false","false","true","true","true","true","true","true","","","","알루미늄 합금","20mm","15mm","1개","false"
"P038","테스트 상품 38","카메라용품","50000","50","3000","2","95","0.1","true","http://item.taobao.com/38","MIXED","","","","","","","Taobao Item 38 Original Title","50.00 CNY","0.00","Standard Silver","Aluminum Alloy, 500g","Body, Pouch, Manual","Taobao Store A","100","4.8","In Stock","2026-04-26T08:54:42.300Z","false","false","false","false","false","false","false","","v2.7 테스트","false","false","false","false","false","false","false","false","false","false","false","false","false","false","false","true","true","true","true","true","true","","","","알루미늄 합금","20mm","15mm","1개","false"
"P039","테스트 상품 39","카메라용품","50000","50","3000","2","95","0.1","true","http://item.taobao.com/39","MIXED","재질 알루미늄 무게 50g","본체 1개 보관 파우치","범용 1/4인치 나사 호환","M8 규격 나사 호환 불가","강한 충격에 주의하세요","개봉 후 단순 변심 반품 불가","Taobao Item 39 Original Title","50.00 CNY","0.00","Standard Silver","Aluminum Alloy, 500g","Body, Pouch, Manual","Taobao Store A","100","4.8","In Stock","2026-04-26T08:54:42.300Z","false","false","false","false","false","false","false","","v2.7 테스트","false","false","false","false","false","false","false","false","false","false","false","false","false","false","false","true","true","true","true","true","true","","","","알루미늄 합금","20mm","15mm","1개","false"
"P040","테스트 상품 40","카메라용품","50000","50","3000","2","95","0.1","true","http://item.taobao.com/40","MIXED","","","","","","","Taobao Item 40 Original Title","50.00 CNY","0.00","Standard Silver","Aluminum Alloy, 500g","Body, Pouch, Manual","Taobao Store A","100","4.8","In Stock","2026-04-26T08:54:42.300Z","false","false","false","false","false","false","false","","v2.7 테스트","false","false","false","false","false","false","false","false","false","false","false","false","false","false","false","true","true","true","true","true","true","","","","알루미늄 합금","20mm","15mm","1개","false"
"P041","테스트 상품 41","카메라용품","50000","50","3000","2","95","0.1","true","http://item.taobao.com/41","MIXED","재질 알루미늄 무게 50g","본체 1개 보관 파우치","범용 1/4인치 나사 호환","M8 규격 나사 호환 불가","강한 충격에 주의하세요","개봉 후 단순 변심 반품 불가","Taobao Item 41 Original Title","50.00 CNY","0.00","Standard Silver","Aluminum Alloy, 500g","Body, Pouch, Manual","Taobao Store A","100","4.8","In Stock","2026-04-26T08:54:42.300Z","false","false","false","false","false","false","false","","v2.7 테스트","false","false","false","false","false","false","false","false","false","false","false","false","false","false","false","true","true","true","true","true","true","","","","알루미늄 합금","20mm","15mm","1개","false"
"P042","테스트 상품 42","카메라용품","50000","50","3000","2","95","0.1","true","http://item.taobao.com/42","SAFE","재질 알루미늄 무게 50g","본체 1개 보관 파우치","범용 1/4인치 나사 호환","M8 규격 나사 호환 불가","강한 충격에 주의하세요","개봉 후 단순 변심 반품 불가","Taobao Item 42 Original Title","50.00 CNY","0.00","Standard Silver","Aluminum Alloy, 500g","Body, Pouch, Manual","Taobao Store A","100","4.8","In Stock","2026-04-26T08:54:42.300Z","false","false","false","false","false","false","false","","v2.7 테스트","false","false","false","false","false","false","false","false","false","false","false","false","false","false","false","true","true","true","true","true","true","","","","알루미늄 합금","20mm","15mm","1개","false"
"P043","테스트 상품 43","카메라용품","50000","50","3000","2","95","0.1","true","http://item.taobao.com/43","SAFE","재질 알루미늄 무게 50g","본체 1개 보관 파우치","범용 1/4인치 나사 호환","M8 규격 나사 호환 불가","강한 충격에 주의하세요","개봉 후 단순 변심 반품 불가","Taobao Item 43 Original Title","50.00 CNY","0.00","Standard Silver","Aluminum Alloy, 500g","Body, Pouch, Manual","Taobao Store A","100","4.8","In Stock","2026-04-26T08:54:42.300Z","false","false","false","false","false","false","false","","v2.7 테스트","false","false","false","false","false","false","false","false","false","false","false","false","false","false","false","true","true","true","true","true","true","","","","알루미늄 합금","20mm","15mm","1개","false"
"P044","테스트 상품 44","카메라용품","50000","50","3000","2","95","0.1","true","http://item.taobao.com/44","SAFE","재질 알루미늄 무게 50g","본체 1개 보관 파우치","범용 1/4인치 나사 호환","M8 규격 나사 호환 불가","강한 충격에 주의하세요","개봉 후 단순 변심 반품 불가","Taobao Item 44 Original Title","50.00 CNY","0.00","Standard Silver","Aluminum Alloy, 500g","Body, Pouch, Manual","Taobao Store A","100","4.8","In Stock","2026-04-26T08:54:42.300Z","false","false","false","false","false","false","false","","v2.7 테스트","false","false","false","false","false","false","false","false","false","false","false","false","false","false","false","true","true","true","true","true","true","","","","알루미늄 합금","20mm","15mm","1개","false"
"P045","테스트 상품 45","카메라용품","50000","50","3000","2","95","0.1","true","http://item.taobao.com/45","SAFE","재질 알루미늄 무게 50g","본체 1개 보관 파우치","범용 1/4인치 나사 호환","M8 규격 나사 호환 불가","강한 충격에 주의하세요","개봉 후 단순 변심 반품 불가","Taobao Item 45 Original Title","50.00 CNY","0.00","Standard Silver","Aluminum Alloy, 500g","Body, Pouch, Manual","Taobao Store A","100","4.8","In Stock","2026-04-26T08:54:42.300Z","false","false","false","false","false","false","false","","v2.7 테스트","false","false","false","false","false","false","false","false","false","false","false","false","false","false","false","true","true","true","true","true","true","","","","알루미늄 합금","20mm","15mm","1개","false"
"P046","테스트 상품 46","카메라용품","50000","50","3000","2","95","0.1","true","http://item.taobao.com/46","SAFE","","","","","","","Taobao Item 46 Original Title","50.00 CNY","0.00","Standard Silver","Aluminum Alloy, 500g","Body, Pouch, Manual","Taobao Store A","100","4.8","In Stock","2026-04-26T08:54:42.300Z","false","false","false","false","false","false","false","","v2.7 테스트","false","false","false","false","false","false","false","false","false","false","false","false","false","false","false","true","true","true","true","true","true","","","","알루미늄 합금","20mm","15mm","1개","false"
"P047","테스트 상품 47","카메라용품","50000","50","3000","2","95","0.1","true","http://item.taobao.com/47","MIXED","재질 알루미늄 무게 50g","본체 1개 보관 파우치","범용 1/4인치 나사 호환","M8 규격 나사 호환 불가","강한 충격에 주의하세요","개봉 후 단순 변심 반품 불가","Taobao Item 47 Original Title","50.00 CNY","0.00","Standard Silver","Aluminum Alloy, 500g","Body, Pouch, Manual","Taobao Store A","100","4.8","In Stock","2026-04-26T08:54:42.300Z","false","false","false","false","false","false","false","","v2.7 테스트","false","false","false","false","false","false","false","false","false","false","false","false","false","false","false","true","true","true","true","true","true","","","","알루미늄 합금","20mm","15mm","1개","false"
"P048","테스트 상품 48","카메라용품","50000","50","3000","2","95","0.1","true","http://item.taobao.com/48","MIXED","재질 알루미늄 무게 50g","본체 1개 보관 파우치","범용 1/4인치 나사 호환","M8 규격 나사 호환 불가","강한 충격에 주의하세요","개봉 후 단순 변심 반품 불가","Taobao Item 48 Original Title","50.00 CNY","0.00","Standard Silver","Aluminum Alloy, 500g","Body, Pouch, Manual","Taobao Store A","100","4.8","In Stock","2026-04-26T08:54:42.300Z","false","false","false","false","false","false","false","","v2.7 테스트","false","false","false","false","false","false","false","false","false","false","false","false","false","false","false","true","true","true","true","true","true","","","","알루미늄 합금","20mm","15mm","1개","false"
"P049","테스트 상품 49","카메라용품","50000","50","3000","2","95","0.1","true","http://item.taobao.com/49","MIXED","재질 알루미늄 무게 50g","본체 1개 보관 파우치","범용 1/4인치 나사 호환","M8 규격 나사 호환 불가","강한 충격에 주의하세요","개봉 후 단순 변심 반품 불가","Taobao Item 49 Original Title","50.00 CNY","0.00","Standard Silver","Aluminum Alloy, 500g","Body, Pouch, Manual","Taobao Store A","100","4.8","In Stock","2026-04-26T08:54:42.300Z","false","false","false","false","false","false","false","","v2.7 테스트","false","false","false","false","false","false","false","false","false","false","false","false","false","false","false","true","true","true","true","true","true","","","","알루미늄 합금","20mm","15mm","1개","false"
"P050","테스트 상품 50","카메라용품","50000","50","3000","2","95","0.1","true","http://item.taobao.com/50","MIXED","","","","","","","Taobao Item 50 Original Title","50.00 CNY","0.00","Standard Silver","Aluminum Alloy, 500g","Body, Pouch, Manual","Taobao Store A","100","4.8","In Stock","2026-04-26T08:54:42.300Z","false","false","false","false","false","false","false","","v2.7 테스트","false","false","false","false","false","false","false","false","false","false","false","false","false","false","false","true","true","true","true","true","true","","","","알루미늄 합금","20mm","15mm","1개","false"
"P051","테스트 상품 51","카메라용품","50000","50","3000","2","95","0.1","true","http://item.taobao.com/51","MIXED","재질 알루미늄 무게 50g","본체 1개 보관 파우치","범용 1/4인치 나사 호환","M8 규격 나사 호환 불가","강한 충격에 주의하세요","개봉 후 단순 변심 반품 불가","Taobao Item 51 Original Title","50.00 CNY","0.00","Standard Silver","Aluminum Alloy, 500g","Body, Pouch, Manual","Taobao Store A","100","4.8","In Stock","2026-04-26T08:54:42.300Z","false","false","false","false","false","false","false","","v2.7 테스트","false","false","false","false","false","false","false","false","false","false","false","false","false","false","false","true","true","true","true","true","true","","","","알루미늄 합금","20mm","15mm","1개","false"
"P052","테스트 상품 52","카메라용품","50000","50","3000","2","95","0.1","true","http://item.taobao.com/52","MIXED","","","","","","","Taobao Item 52 Original Title","50.00 CNY","0.00","Standard Silver","Aluminum Alloy, 500g","Body, Pouch, Manual","Taobao Store A","100","4.8","In Stock","2026-04-26T08:54:42.300Z","false","false","false","false","false","false","false","","v2.7 테스트","false","false","false","false","false","false","false","false","false","false","false","false","false","false","false","true","true","true","true","true","true","","","","알루미늄 합금","20mm","15mm","1개","false"
"P053","테스트 상품 53","카메라용품","50000","50","3000","2","95","0.1","true","http://item.taobao.com/53","MIXED","","","","","","","Taobao Item 53 Original Title","50.00 CNY","0.00","Standard Silver","Aluminum Alloy, 500g","Body, Pouch, Manual","Taobao Store A","100","4.8","In Stock","2026-04-26T08:54:42.301Z","false","false","false","false","false","false","false","","v2.7 테스트","false","false","false","false","false","false","false","false","false","false","false","false","false","false","false","true","true","true","true","true","true","","","","알루미늄 합금","20mm","15mm","1개","false"
"P054","테스트 상품 54","카메라용품","50000","50","3000","2","95","0.1","true","http://item.taobao.com/54","MIXED","재질 알루미늄 무게 50g","본체 1개 보관 파우치","범용 1/4인치 나사 호환","M8 규격 나사 호환 불가","강한 충격에 주의하세요","개봉 후 단순 변심 반품 불가","Taobao Item 54 Original Title","50.00 CNY","0.00","Standard Silver","Aluminum Alloy, 500g","Body, Pouch, Manual","Taobao Store A","100","4.8","In Stock","2026-04-26T08:54:42.301Z","false","false","false","false","false","false","false","","v2.7 테스트","false","false","false","false","false","false","false","false","false","false","false","false","false","false","false","true","true","true","true","true","true","","","","알루미늄 합금","20mm","15mm","1개","false"
"P055","테스트 상품 55","카메라용품","50000","50","3000","2","95","0.1","true","http://item.taobao.com/55","MIXED","","","","","","","Taobao Item 55 Original Title","50.00 CNY","0.00","Standard Silver","Aluminum Alloy, 500g","Body, Pouch, Manual","Taobao Store A","100","4.8","In Stock","2026-04-26T08:54:42.301Z","false","false","false","false","false","false","false","","v2.7 테스트","false","false","false","false","false","false","false","false","false","false","false","false","false","false","false","true","true","true","true","true","true","","","","알루미늄 합금","20mm","15mm","1개","false"
"P056","테스트 상품 56","카메라용품","50000","50","3000","2","95","0.1","true","http://item.taobao.com/56","MIXED","재질 알루미늄 무게 50g","본체 1개 보관 파우치","범용 1/4인치 나사 호환","M8 규격 나사 호환 불가","강한 충격에 주의하세요","개봉 후 단순 변심 반품 불가","Taobao Item 56 Original Title","50.00 CNY","0.00","Standard Silver","Aluminum Alloy, 500g","Body, Pouch, Manual","Taobao Store A","100","4.8","In Stock","2026-04-26T08:54:42.301Z","false","false","false","false","false","false","false","","v2.7 테스트","false","false","false","false","false","false","false","false","false","false","false","false","false","false","false","true","true","true","true","true","true","","","","알루미늄 합금","20mm","15mm","1개","false"
"P057","테스트 상품 57","카메라용품","50000","50","3000","2","95","0.1","true","http://item.taobao.com/57","SAFE","재질 알루미늄 무게 50g","본체 1개 보관 파우치","범용 1/4인치 나사 호환","M8 규격 나사 호환 불가","강한 충격에 주의하세요","개봉 후 단순 변심 반품 불가","Taobao Item 57 Original Title","50.00 CNY","0.00","Standard Silver","Aluminum Alloy, 500g","Body, Pouch, Manual","Taobao Store A","100","4.8","In Stock","2026-04-26T08:54:42.301Z","false","false","false","false","false","false","false","","v2.7 테스트","false","false","false","false","false","false","false","false","false","false","false","false","false","false","false","true","true","true","true","true","true","","","","알루미늄 합금","20mm","15mm","1개","false"
"P058","테스트 상품 58","카메라용품","50000","50","3000","2","95","0.1","true","http://item.taobao.com/58","SAFE","","","","","","","Taobao Item 58 Original Title","50.00 CNY","0.00","Standard Silver","Aluminum Alloy, 500g","Body, Pouch, Manual","Taobao Store A","100","4.8","In Stock","2026-04-26T08:54:42.301Z","false","false","false","false","false","false","false","","v2.7 테스트","false","false","false","false","false","false","false","false","false","false","false","false","false","false","false","true","true","true","true","true","true","","","","알루미늄 합금","20mm","15mm","1개","false"
"P059","테스트 상품 59","카메라용품","50000","50","3000","2","95","0.1","true","http://item.taobao.com/59","MIXED","","","","","","","Taobao Item 59 Original Title","50.00 CNY","0.00","Standard Silver","Aluminum Alloy, 500g","Body, Pouch, Manual","Taobao Store A","100","4.8","In Stock","2026-04-26T08:54:42.301Z","false","false","false","false","false","false","false","","v2.7 테스트","false","false","false","false","false","false","false","false","false","false","false","false","false","false","false","true","true","true","true","true","true","","","","알루미늄 합금","20mm","15mm","1개","false"
"P060","테스트 상품 60","카메라용품","50000","50","3000","2","95","0.1","true","http://item.taobao.com/60","MIXED","","","","","","","Taobao Item 60 Original Title","50.00 CNY","0.00","Standard Silver","Aluminum Alloy, 500g","Body, Pouch, Manual","Taobao Store A","100","4.8","In Stock","2026-04-26T08:54:42.301Z","false","false","false","false","false","false","false","","v2.7 테스트","false","false","false","false","false","false","false","false","false","false","false","false","false","false","false","true","true","true","true","true","true","","","","알루미늄 합금","20mm","15mm","1개","false"
"P061","테스트 상품 61","카메라용품","50000","50","3000","2","95","0.1","true","http://item.taobao.com/61","SAFE","","","","","","","Taobao Item 61 Original Title","50.00 CNY","0.00","Standard Silver","Aluminum Alloy, 500g","Body, Pouch, Manual","Taobao Store A","100","4.8","In Stock","2026-04-26T08:54:42.301Z","false","false","false","false","false","false","false","","v2.7 테스트","false","false","false","false","false","false","false","false","false","false","false","false","false","false","false","true","true","true","true","true","true","","","","알루미늄 합금","20mm","15mm","1개","false"
"P062","테스트 상품 62","카메라용품","50000","50","3000","2","95","0.1","true","http://item.taobao.com/62","MIXED","재질 알루미늄 무게 50g","본체 1개 보관 파우치","범용 1/4인치 나사 호환","M8 규격 나사 호환 불가","강한 충격에 주의하세요","개봉 후 단순 변심 반품 불가","Taobao Item 62 Original Title","50.00 CNY","0.00","Standard Silver","Aluminum Alloy, 500g","Body, Pouch, Manual","Taobao Store A","100","4.8","In Stock","2026-04-26T08:54:42.301Z","false","false","false","false","false","false","false","","v2.7 테스트","false","false","false","false","false","false","false","false","false","false","false","false","false","false","false","true","true","true","true","true","true","","","","알루미늄 합금","20mm","15mm","1개","false"
"P063","테스트 상품 63","카메라용품","50000","50","3000","2","95","0.1","true","http://item.taobao.com/63","MIXED","","","","","","","Taobao Item 63 Original Title","50.00 CNY","0.00","Standard Silver","Aluminum Alloy, 500g","Body, Pouch, Manual","Taobao Store A","100","4.8","In Stock","2026-04-26T08:54:42.301Z","false","false","false","false","false","false","false","","v2.7 테스트","false","false","false","false","false","false","false","false","false","false","false","false","false","false","false","true","true","true","true","true","true","","","","알루미늄 합금","20mm","15mm","1개","false"
"P064","테스트 상품 64","카메라용품","50000","50","3000","2","95","0.1","true","http://item.taobao.com/64","MIXED","재질 알루미늄 무게 50g","본체 1개 보관 파우치","범용 1/4인치 나사 호환","M8 규격 나사 호환 불가","강한 충격에 주의하세요","개봉 후 단순 변심 반품 불가","Taobao Item 64 Original Title","50.00 CNY","0.00","Standard Silver","Aluminum Alloy, 500g","Body, Pouch, Manual","Taobao Store A","100","4.8","In Stock","2026-04-26T08:54:42.301Z","false","false","false","false","false","false","false","","v2.7 테스트","false","false","false","false","false","false","false","false","false","false","false","false","false","false","false","true","true","true","true","true","true","","","","알루미늄 합금","20mm","15mm","1개","false"
"P065","테스트 상품 65","카메라용품","50000","50","3000","2","95","0.1","true","http://item.taobao.com/65","MIXED","","","","","","","Taobao Item 65 Original Title","50.00 CNY","0.00","Standard Silver","Aluminum Alloy, 500g","Body, Pouch, Manual","Taobao Store A","100","4.8","In Stock","2026-04-26T08:54:42.301Z","false","false","false","false","false","false","false","","v2.7 테스트","false","false","false","false","false","false","false","false","false","false","false","false","false","false","false","true","true","true","true","true","true","","","","알루미늄 합금","20mm","15mm","1개","false"
"P066","테스트 상품 66","카메라용품","50000","50","3000","2","95","0.1","true","http://item.taobao.com/66","MIXED","","","","","","","Taobao Item 66 Original Title","50.00 CNY","0.00","Standard Silver","Aluminum Alloy, 500g","Body, Pouch, Manual","Taobao Store A","100","4.8","In Stock","2026-04-26T08:54:42.301Z","false","false","false","false","false","false","false","","v2.7 테스트","false","false","false","false","false","false","false","false","false","false","false","false","false","false","false","true","true","true","true","true","true","","","","알루미늄 합금","20mm","15mm","1개","false"
"P067","테스트 상품 67","카메라용품","50000","50","3000","2","95","0.1","true","http://item.taobao.com/67","MIXED","재질 알루미늄 무게 50g","본체 1개 보관 파우치","범용 1/4인치 나사 호환","M8 규격 나사 호환 불가","강한 충격에 주의하세요","개봉 후 단순 변심 반품 불가","Taobao Item 67 Original Title","50.00 CNY","0.00","Standard Silver","Aluminum Alloy, 500g","Body, Pouch, Manual","Taobao Store A","100","4.8","In Stock","2026-04-26T08:54:42.301Z","false","false","false","false","false","false","false","","v2.7 테스트","false","false","false","false","false","false","false","false","false","false","false","false","false","false","false","true","true","true","true","true","true","","","","알루미늄 합금","20mm","15mm","1개","false"
"P068","테스트 상품 68","카메라용품","50000","50","3000","2","95","0.1","true","http://item.taobao.com/68","MIXED","재질 알루미늄 무게 50g","본체 1개 보관 파우치","범용 1/4인치 나사 호환","M8 규격 나사 호환 불가","강한 충격에 주의하세요","개봉 후 단순 변심 반품 불가","Taobao Item 68 Original Title","50.00 CNY","0.00","Standard Silver","Aluminum Alloy, 500g","Body, Pouch, Manual","Taobao Store A","100","4.8","In Stock","2026-04-26T08:54:42.301Z","false","false","false","false","false","false","false","","v2.7 테스트","false","false","false","false","false","false","false","false","false","false","false","false","false","false","false","true","true","true","true","true","true","","","","알루미늄 합금","20mm","15mm","1개","false"
"P069","테스트 상품 69","카메라용품","50000","50","3000","2","95","0.1","true","http://item.taobao.com/69","SAFE","재질 알루미늄 무게 50g","본체 1개 보관 파우치","범용 1/4인치 나사 호환","M8 규격 나사 호환 불가","강한 충격에 주의하세요","개봉 후 단순 변심 반품 불가","Taobao Item 69 Original Title","50.00 CNY","0.00","Standard Silver","Aluminum Alloy, 500g","Body, Pouch, Manual","Taobao Store A","100","4.8","In Stock","2026-04-26T08:54:42.301Z","false","false","false","false","false","false","false","","v2.7 테스트","false","false","false","false","false","false","false","false","false","false","false","false","false","false","false","true","true","true","true","true","true","","","","알루미늄 합금","20mm","15mm","1개","false"
"P070","테스트 상품 70","카메라용품","50000","50","3000","2","95","0.1","true","http://item.taobao.com/70","MIXED","재질 알루미늄 무게 50g","본체 1개 보관 파우치","범용 1/4인치 나사 호환","M8 규격 나사 호환 불가","강한 충격에 주의하세요","개봉 후 단순 변심 반품 불가","Taobao Item 70 Original Title","50.00 CNY","0.00","Standard Silver","Aluminum Alloy, 500g","Body, Pouch, Manual","Taobao Store A","100","4.8","In Stock","2026-04-26T08:54:42.301Z","false","false","false","false","false","false","false","","v2.7 테스트","false","false","false","false","false","false","false","false","false","false","false","false","false","false","false","true","true","true","true","true","true","","","","알루미늄 합금","20mm","15mm","1개","false"
"P071","테스트 상품 71","카메라용품","50000","50","3000","2","95","0.1","true","http://item.taobao.com/71","MIXED","","","","","","","Taobao Item 71 Original Title","50.00 CNY","0.00","Standard Silver","Aluminum Alloy, 500g","Body, Pouch, Manual","Taobao Store A","100","4.8","In Stock","2026-04-26T08:54:42.301Z","false","false","false","false","false","false","false","","v2.7 테스트","false","false","false","false","false","false","false","false","false","false","false","false","false","false","false","true","true","true","true","true","true","","","","알루미늄 합금","20mm","15mm","1개","false"
"P072","테스트 상품 72","카메라용품","50000","50","3000","2","95","0.1","true","http://item.taobao.com/72","MIXED","재질 알루미늄 무게 50g","본체 1개 보관 파우치","범용 1/4인치 나사 호환","M8 규격 나사 호환 불가","강한 충격에 주의하세요","개봉 후 단순 변심 반품 불가","Taobao Item 72 Original Title","50.00 CNY","0.00","Standard Silver","Aluminum Alloy, 500g","Body, Pouch, Manual","Taobao Store A","100","4.8","In Stock","2026-04-26T08:54:42.301Z","false","false","false","false","false","false","false","","v2.7 테스트","false","false","false","false","false","false","false","false","false","false","false","false","false","false","false","true","true","true","true","true","true","","","","알루미늄 합금","20mm","15mm","1개","false"
"P073","테스트 상품 73","카메라용품","50000","50","3000","2","95","0.1","true","http://item.taobao.com/73","MIXED","","","","","","","Taobao Item 73 Original Title","50.00 CNY","0.00","Standard Silver","Aluminum Alloy, 500g","Body, Pouch, Manual","Taobao Store A","100","4.8","In Stock","2026-04-26T08:54:42.301Z","false","false","false","false","false","false","false","","v2.7 테스트","false","false","false","false","false","false","false","false","false","false","false","false","false","false","false","true","true","true","true","true","true","","","","알루미늄 합금","20mm","15mm","1개","false"
"P074","테스트 상품 74","카메라용품","50000","50","3000","2","95","0.1","true","http://item.taobao.com/74","SAFE","","","","","","","Taobao Item 74 Original Title","50.00 CNY","0.00","Standard Silver","Aluminum Alloy, 500g","Body, Pouch, Manual","Taobao Store A","100","4.8","In Stock","2026-04-26T08:54:42.301Z","false","false","false","false","false","false","false","","v2.7 테스트","false","false","false","false","false","false","false","false","false","false","false","false","false","false","false","true","true","true","true","true","true","","","","알루미늄 합금","20mm","15mm","1개","false"
"P075","테스트 상품 75","카메라용품","50000","50","3000","2","95","0.1","true","http://item.taobao.com/75","MIXED","","","","","","","Taobao Item 75 Original Title","50.00 CNY","0.00","Standard Silver","Aluminum Alloy, 500g","Body, Pouch, Manual","Taobao Store A","100","4.8","In Stock","2026-04-26T08:54:42.301Z","false","false","false","false","false","false","false","","v2.7 테스트","false","false","false","false","false","false","false","false","false","false","false","false","false","false","false","true","true","true","true","true","true","","","","알루미늄 합금","20mm","15mm","1개","false"
"P076","테스트 상품 76","카메라용품","50000","50","3000","2","95","0.1","true","http://item.taobao.com/76","MIXED","","","","","","","Taobao Item 76 Original Title","50.00 CNY","0.00","Standard Silver","Aluminum Alloy, 500g","Body, Pouch, Manual","Taobao Store A","100","4.8","In Stock","2026-04-26T08:54:42.301Z","false","false","false","false","false","false","false","","v2.7 테스트","false","false","false","false","false","false","false","false","false","false","false","false","false","false","false","true","true","true","true","true","true","","","","알루미늄 합금","20mm","15mm","1개","false"
"P077","테스트 상품 77","카메라용품","50000","50","3000","2","95","0.1","true","http://item.taobao.com/77","MIXED","재질 알루미늄 무게 50g","본체 1개 보관 파우치","범용 1/4인치 나사 호환","M8 규격 나사 호환 불가","강한 충격에 주의하세요","개봉 후 단순 변심 반품 불가","Taobao Item 77 Original Title","50.00 CNY","0.00","Standard Silver","Aluminum Alloy, 500g","Body, Pouch, Manual","Taobao Store A","100","4.8","In Stock","2026-04-26T08:54:42.301Z","false","false","false","false","false","false","false","","v2.7 테스트","false","false","false","false","false","false","false","false","false","false","false","false","false","false","false","true","true","true","true","true","true","","","","알루미늄 합금","20mm","15mm","1개","false"
"P078","테스트 상품 78","카메라용품","50000","50","3000","2","95","0.1","true","http://item.taobao.com/78","SAFE","","","","","","","Taobao Item 78 Original Title","50.00 CNY","0.00","Standard Silver","Aluminum Alloy, 500g","Body, Pouch, Manual","Taobao Store A","100","4.8","In Stock","2026-04-26T08:54:42.301Z","false","false","false","false","false","false","false","","v2.7 테스트","false","false","false","false","false","false","false","false","false","false","false","false","false","false","false","true","true","true","true","true","true","","","","알루미늄 합금","20mm","15mm","1개","false"
"P079","테스트 상품 79","카메라용품","50000","50","3000","2","95","0.1","true","http://item.taobao.com/79","SAFE","재질 알루미늄 무게 50g","본체 1개 보관 파우치","범용 1/4인치 나사 호환","M8 규격 나사 호환 불가","강한 충격에 주의하세요","개봉 후 단순 변심 반품 불가","Taobao Item 79 Original Title","50.00 CNY","0.00","Standard Silver","Aluminum Alloy, 500g","Body, Pouch, Manual","Taobao Store A","100","4.8","In Stock","2026-04-26T08:54:42.301Z","false","false","false","false","false","false","false","","v2.7 테스트","false","false","false","false","false","false","false","false","false","false","false","false","false","false","false","true","true","true","true","true","true","","","","알루미늄 합금","20mm","15mm","1개","false"
"P080","테스트 상품 80","카메라용품","50000","50","3000","2","95","0.1","true","http://item.taobao.com/80","SAFE","","","","","","","Taobao Item 80 Original Title","50.00 CNY","0.00","Standard Silver","Aluminum Alloy, 500g","Body, Pouch, Manual","Taobao Store A","100","4.8","In Stock","2026-04-26T08:54:42.301Z","false","false","false","false","false","false","false","","v2.7 테스트","false","false","false","false","false","false","false","false","false","false","false","false","false","false","false","true","true","true","true","true","true","","","","알루미늄 합금","20mm","15mm","1개","false"
"P081","테스트 상품 81","카메라용품","50000","50","3000","2","95","0.1","true","http://item.taobao.com/81","MIXED","","","","","","","Taobao Item 81 Original Title","50.00 CNY","0.00","Standard Silver","Aluminum Alloy, 500g","Body, Pouch, Manual","Taobao Store A","100","4.8","In Stock","2026-04-26T08:54:42.301Z","false","false","false","false","false","false","false","","v2.7 테스트","false","false","false","false","false","false","false","false","false","false","false","false","false","false","false","true","true","true","true","true","true","","","","알루미늄 합금","20mm","15mm","1개","false"
"P082","테스트 상품 82","카메라용품","50000","50","3000","2","95","0.1","true","http://item.taobao.com/82","SAFE","","","","","","","Taobao Item 82 Original Title","50.00 CNY","0.00","Standard Silver","Aluminum Alloy, 500g","Body, Pouch, Manual","Taobao Store A","100","4.8","In Stock","2026-04-26T08:54:42.301Z","false","false","false","false","false","false","false","","v2.7 테스트","false","false","false","false","false","false","false","false","false","false","false","false","false","false","false","true","true","true","true","true","true","","","","알루미늄 합금","20mm","15mm","1개","false"
"P083","테스트 상품 83","카메라용품","50000","50","3000","2","95","0.1","true","http://item.taobao.com/83","MIXED","재질 알루미늄 무게 50g","본체 1개 보관 파우치","범용 1/4인치 나사 호환","M8 규격 나사 호환 불가","강한 충격에 주의하세요","개봉 후 단순 변심 반품 불가","Taobao Item 83 Original Title","50.00 CNY","0.00","Standard Silver","Aluminum Alloy, 500g","Body, Pouch, Manual","Taobao Store A","100","4.8","In Stock","2026-04-26T08:54:42.301Z","false","false","false","false","false","false","false","","v2.7 테스트","false","false","false","false","false","false","false","false","false","false","false","false","false","false","false","true","true","true","true","true","true","","","","알루미늄 합금","20mm","15mm","1개","false"
"P084","테스트 상품 84","카메라용품","50000","50","3000","2","95","0.1","true","http://item.taobao.com/84","MIXED","","","","","","","Taobao Item 84 Original Title","50.00 CNY","0.00","Standard Silver","Aluminum Alloy, 500g","Body, Pouch, Manual","Taobao Store A","100","4.8","In Stock","2026-04-26T08:54:42.301Z","false","false","false","false","false","false","false","","v2.7 테스트","false","false","false","false","false","false","false","false","false","false","false","false","false","false","false","true","true","true","true","true","true","","","","알루미늄 합금","20mm","15mm","1개","false"
"P085","테스트 상품 85","카메라용품","50000","50","3000","2","95","0.1","true","http://item.taobao.com/85","SAFE","재질 알루미늄 무게 50g","본체 1개 보관 파우치","범용 1/4인치 나사 호환","M8 규격 나사 호환 불가","강한 충격에 주의하세요","개봉 후 단순 변심 반품 불가","Taobao Item 85 Original Title","50.00 CNY","0.00","Standard Silver","Aluminum Alloy, 500g","Body, Pouch, Manual","Taobao Store A","100","4.8","In Stock","2026-04-26T08:54:42.301Z","false","false","false","false","false","false","false","","v2.7 테스트","false","false","false","false","false","false","false","false","false","false","false","false","false","false","false","true","true","true","true","true","true","","","","알루미늄 합금","20mm","15mm","1개","false"
"P086","테스트 상품 86","카메라용품","50000","50","3000","2","95","0.1","true","http://item.taobao.com/86","SAFE","재질 알루미늄 무게 50g","본체 1개 보관 파우치","범용 1/4인치 나사 호환","M8 규격 나사 호환 불가","강한 충격에 주의하세요","개봉 후 단순 변심 반품 불가","Taobao Item 86 Original Title","50.00 CNY","0.00","Standard Silver","Aluminum Alloy, 500g","Body, Pouch, Manual","Taobao Store A","100","4.8","In Stock","2026-04-26T08:54:42.301Z","false","false","false","false","false","false","false","","v2.7 테스트","false","false","false","false","false","false","false","false","false","false","false","false","false","false","false","true","true","true","true","true","true","","","","알루미늄 합금","20mm","15mm","1개","false"
"P087","테스트 상품 87","카메라용품","50000","50","3000","2","95","0.1","true","http://item.taobao.com/87","MIXED","재질 알루미늄 무게 50g","본체 1개 보관 파우치","범용 1/4인치 나사 호환","M8 규격 나사 호환 불가","강한 충격에 주의하세요","개봉 후 단순 변심 반품 불가","Taobao Item 87 Original Title","50.00 CNY","0.00","Standard Silver","Aluminum Alloy, 500g","Body, Pouch, Manual","Taobao Store A","100","4.8","In Stock","2026-04-26T08:54:42.301Z","false","false","false","false","false","false","false","","v2.7 테스트","false","false","false","false","false","false","false","false","false","false","false","false","false","false","false","true","true","true","true","true","true","","","","알루미늄 합금","20mm","15mm","1개","false"
"P088","테스트 상품 88","카메라용품","50000","50","3000","2","95","0.1","true","http://item.taobao.com/88","SAFE","","","","","","","Taobao Item 88 Original Title","50.00 CNY","0.00","Standard Silver","Aluminum Alloy, 500g","Body, Pouch, Manual","Taobao Store A","100","4.8","In Stock","2026-04-26T08:54:42.301Z","false","false","false","false","false","false","false","","v2.7 테스트","false","false","false","false","false","false","false","false","false","false","false","false","false","false","false","true","true","true","true","true","true","","","","알루미늄 합금","20mm","15mm","1개","false"
"P089","테스트 상품 89","카메라용품","50000","50","3000","2","95","0.1","true","http://item.taobao.com/89","MIXED","","","","","","","Taobao Item 89 Original Title","50.00 CNY","0.00","Standard Silver","Aluminum Alloy, 500g","Body, Pouch, Manual","Taobao Store A","100","4.8","In Stock","2026-04-26T08:54:42.301Z","false","false","false","false","false","false","false","","v2.7 테스트","false","false","false","false","false","false","false","false","false","false","false","false","false","false","false","true","true","true","true","true","true","","","","알루미늄 합금","20mm","15mm","1개","false"
"P090","테스트 상품 90","카메라용품","50000","50","3000","2","95","0.1","true","http://item.taobao.com/90","MIXED","","","","","","","Taobao Item 90 Original Title","50.00 CNY","0.00","Standard Silver","Aluminum Alloy, 500g","Body, Pouch, Manual","Taobao Store A","100","4.8","In Stock","2026-04-26T08:54:42.301Z","false","false","false","false","false","false","false","","v2.7 테스트","false","false","false","false","false","false","false","false","false","false","false","false","false","false","false","true","true","true","true","true","true","","","","알루미늄 합금","20mm","15mm","1개","false"
"P091","테스트 상품 91","카메라용품","50000","50","3000","2","95","0.1","true","http://item.taobao.com/91","SAFE","재질 알루미늄 무게 50g","본체 1개 보관 파우치","범용 1/4인치 나사 호환","M8 규격 나사 호환 불가","강한 충격에 주의하세요","개봉 후 단순 변심 반품 불가","Taobao Item 91 Original Title","50.00 CNY","0.00","Standard Silver","Aluminum Alloy, 500g","Body, Pouch, Manual","Taobao Store A","100","4.8","In Stock","2026-04-26T08:54:42.301Z","false","false","false","false","false","false","false","","v2.7 테스트","false","false","false","false","false","false","false","false","false","false","false","false","false","false","false","true","true","true","true","true","true","","","","알루미늄 합금","20mm","15mm","1개","false"
"P092","테스트 상품 92","카메라용품","50000","50","3000","2","95","0.1","true","http://item.taobao.com/92","SAFE","","","","","","","Taobao Item 92 Original Title","50.00 CNY","0.00","Standard Silver","Aluminum Alloy, 500g","Body, Pouch, Manual","Taobao Store A","100","4.8","In Stock","2026-04-26T08:54:42.301Z","false","false","false","false","false","false","false","","v2.7 테스트","false","false","false","false","false","false","false","false","false","false","false","false","false","false","false","true","true","true","true","true","true","","","","알루미늄 합금","20mm","15mm","1개","false"
"P093","테스트 상품 93","카메라용품","50000","50","3000","2","95","0.1","true","http://item.taobao.com/93","SAFE","재질 알루미늄 무게 50g","본체 1개 보관 파우치","범용 1/4인치 나사 호환","M8 규격 나사 호환 불가","강한 충격에 주의하세요","개봉 후 단순 변심 반품 불가","Taobao Item 93 Original Title","50.00 CNY","0.00","Standard Silver","Aluminum Alloy, 500g","Body, Pouch, Manual","Taobao Store A","100","4.8","In Stock","2026-04-26T08:54:42.301Z","false","false","false","false","false","false","false","","v2.7 테스트","false","false","false","false","false","false","false","false","false","false","false","false","false","false","false","true","true","true","true","true","true","","","","알루미늄 합금","20mm","15mm","1개","false"
"P094","테스트 상품 94","카메라용품","50000","50","3000","2","95","0.1","true","http://item.taobao.com/94","MIXED","재질 알루미늄 무게 50g","본체 1개 보관 파우치","범용 1/4인치 나사 호환","M8 규격 나사 호환 불가","강한 충격에 주의하세요","개봉 후 단순 변심 반품 불가","Taobao Item 94 Original Title","50.00 CNY","0.00","Standard Silver","Aluminum Alloy, 500g","Body, Pouch, Manual","Taobao Store A","100","4.8","In Stock","2026-04-26T08:54:42.301Z","false","false","false","false","false","false","false","","v2.7 테스트","false","false","false","false","false","false","false","false","false","false","false","false","false","false","false","true","true","true","true","true","true","","","","알루미늄 합금","20mm","15mm","1개","false"
"P095","테스트 상품 95","카메라용품","50000","50","3000","2","95","0.1","true","http://item.taobao.com/95","MIXED","재질 알루미늄 무게 50g","본체 1개 보관 파우치","범용 1/4인치 나사 호환","M8 규격 나사 호환 불가","강한 충격에 주의하세요","개봉 후 단순 변심 반품 불가","Taobao Item 95 Original Title","50.00 CNY","0.00","Standard Silver","Aluminum Alloy, 500g","Body, Pouch, Manual","Taobao Store A","100","4.8","In Stock","2026-04-26T08:54:42.301Z","false","false","false","false","false","false","false","","v2.7 테스트","false","false","false","false","false","false","false","false","false","false","false","false","false","false","false","true","true","true","true","true","true","","","","알루미늄 합금","20mm","15mm","1개","false"
"P096","테스트 상품 96","카메라용품","50000","50","3000","2","95","0.1","true","http://item.taobao.com/96","MIXED","","","","","","","Taobao Item 96 Original Title","50.00 CNY","0.00","Standard Silver","Aluminum Alloy, 500g","Body, Pouch, Manual","Taobao Store A","100","4.8","In Stock","2026-04-26T08:54:42.301Z","false","false","false","false","false","false","false","","v2.7 테스트","false","false","false","false","false","false","false","false","false","false","false","false","false","false","false","true","true","true","true","true","true","","","","알루미늄 합금","20mm","15mm","1개","false"
"P097","테스트 상품 97","카메라용품","50000","50","3000","2","95","0.1","true","http://item.taobao.com/97","MIXED","","","","","","","Taobao Item 97 Original Title","50.00 CNY","0.00","Standard Silver","Aluminum Alloy, 500g","Body, Pouch, Manual","Taobao Store A","100","4.8","In Stock","2026-04-26T08:54:42.301Z","false","false","false","false","false","false","false","","v2.7 테스트","false","false","false","false","false","false","false","false","false","false","false","false","false","false","false","true","true","true","true","true","true","","","","알루미늄 합금","20mm","15mm","1개","false"
"P098","테스트 상품 98","카메라용품","50000","50","3000","2","95","0.1","true","http://item.taobao.com/98","MIXED","","","","","","","Taobao Item 98 Original Title","50.00 CNY","0.00","Standard Silver","Aluminum Alloy, 500g","Body, Pouch, Manual","Taobao Store A","100","4.8","In Stock","2026-04-26T08:54:42.301Z","false","false","false","false","false","false","false","","v2.7 테스트","false","false","false","false","false","false","false","false","false","false","false","false","false","false","false","true","true","true","true","true","true","","","","알루미늄 합금","20mm","15mm","1개","false"
"P099","테스트 상품 99","카메라용품","50000","50","3000","2","95","0.1","true","http://item.taobao.com/99","SAFE","재질 알루미늄 무게 50g","본체 1개 보관 파우치","범용 1/4인치 나사 호환","M8 규격 나사 호환 불가","강한 충격에 주의하세요","개봉 후 단순 변심 반품 불가","Taobao Item 99 Original Title","50.00 CNY","0.00","Standard Silver","Aluminum Alloy, 500g","Body, Pouch, Manual","Taobao Store A","100","4.8","In Stock","2026-04-26T08:54:42.301Z","false","false","false","false","false","false","false","","v2.7 테스트","false","false","false","false","false","false","false","false","false","false","false","false","false","false","false","true","true","true","true","true","true","","","","알루미늄 합금","20mm","15mm","1개","false"
"P100","테스트 상품 100","카메라용품","50000","50","3000","2","95","0.1","true","http://item.taobao.com/100","SAFE","재질 알루미늄 무게 50g","본체 1개 보관 파우치","범용 1/4인치 나사 호환","M8 규격 나사 호환 불가","강한 충격에 주의하세요","개봉 후 단순 변심 반품 불가","Taobao Item 100 Original Title","50.00 CNY","0.00","Standard Silver","Aluminum Alloy, 500g","Body, Pouch, Manual","Taobao Store A","100","4.8","In Stock","2026-04-26T08:54:42.301Z","true","true","true","true","true","true","true","APPROVE","v2.7 테스트","false","false","false","false","false","false","false","false","false","false","false","false","false","false","false","true","true","true","true","true","true","1/4인치, 3/8인치","수나사(Male), 암나사(Female)","1/4 암나사 -> 3/8 수나사 변환","알루미늄 합금","20mm","15mm","어댑터 본체 1개","true"
"P101","테스트 상품 101","카메라용품","50000","50","3000","2","95","0.1","true","http://item.taobao.com/101","SAFE","재질 알루미늄 무게 50g","본체 1개 보관 파우치","범용 1/4인치 나사 호환","M8 규격 나사 호환 불가","강한 충격에 주의하세요","개봉 후 단순 변심 반품 불가","Taobao Item 101 Original Title","50.00 CNY","0.00","Standard Silver","","Body, Pouch, Manual","Taobao Store A","100","4.8","In Stock","2026-04-26T08:54:42.301Z","true","true","true","true","true","true","true","APPROVE","v2.7 테스트","false","false","false","false","false","false","false","false","false","false","false","false","false","false","false","true","true","true","true","true","true","","","","알루미늄 합금","20mm","15mm","1개","false"
"P102","국내 최저가 카메라 어댑터 102","카메라용품","50000","50","3000","2","95","0.1","true","http://item.taobao.com/102","MIXED","재질 알루미늄 무게 50g","본체 1개 보관 파우치","범용 1/4인치 나사 호환","M8 규격 나사 호환 불가","강한 충격에 주의하세요","개봉 후 단순 변심 반품 불가","Taobao Item 102 Original Title","50.00 CNY","0.00","Standard Silver","Aluminum Alloy, 500g","Body, Pouch, Manual","Taobao Store A","100","4.8","In Stock","2026-04-26T08:54:42.301Z","true","true","true","true","true","true","true","APPROVE","v2.7 테스트","false","false","false","false","false","false","false","false","false","false","false","false","false","false","false","true","true","true","true","true","true","","","","알루미늄 합금","20mm","15mm","1개","false"
"P103","카메라 삼각대 나사 어댑터 103","카메라용품","50000","50","3000","2","95","0.1","true","http://item.taobao.com/103","MIXED","재질 알루미늄 무게 50g","본체 1개 보관 파우치","범용 1/4인치 나사 호환","M8 규격 나사 호환 불가","강한 충격에 주의하세요","개봉 후 단순 변심 반품 불가","Taobao Item 103 Original Title","50.00 CNY","0.00","Standard Silver","Aluminum Alloy, 500g","Body, Pouch, Manual","Taobao Store A","100","4.8","In Stock","2026-04-26T08:54:42.301Z","false","false","false","false","false","false","false","","v2.7 테스트","false","false","false","false","false","false","false","false","false","false","false","false","false","false","false","true","true","true","true","true","true","","","","알루미늄 합금","20mm","15mm","1개","false"
"P104","카메라 삼각대 나사 어댑터 104","카메라용품","50000","50","3000","2","95","0.1","true","http://item.taobao.com/104","MIXED","재질 알루미늄 무게 50g","본체 1개 보관 파우치","범용 1/4인치 나사 호환","M8 규격 나사 호환 불가","강한 충격에 주의하세요","개봉 후 단순 변심 반품 불가","Taobao Item 104 Original Title","50.00 CNY","0.00","Standard Silver","Aluminum Alloy, 500g","Body, Pouch, Manual","Taobao Store A","100","4.8","In Stock","2026-04-26T08:54:42.301Z","false","false","false","false","false","false","false","","v2.7 테스트","false","false","false","false","false","false","false","false","false","false","false","false","false","false","false","true","true","true","true","true","true","","","","알루미늄 합금","20mm","15mm","1개","false"
"P105","카메라 삼각대 나사 어댑터 105","카메라용품","50000","50","3000","2","95","0.1","true","http://item.taobao.com/105","SAFE","재질 알루미늄 무게 50g","본체 1개 보관 파우치","범용 1/4인치 나사 호환","M8 규격 나사 호환 불가","강한 충격에 주의하세요","개봉 후 단순 변심 반품 불가","Taobao Item 105 Original Title","50.00 CNY","0.00","Standard Silver","Aluminum Alloy, 500g","Body, Pouch, Manual","Taobao Store A","100","4.8","In Stock","2026-04-26T08:54:42.301Z","false","false","false","false","false","false","false","","v2.7 테스트","false","false","false","false","false","false","false","false","false","false","false","false","false","false","false","true","true","true","true","true","true","","","","알루미늄 합금","20mm","15mm","1개","false"
"P106","카메라 삼각대 나사 어댑터 106","카메라용품","50000","50","3000","2","95","0.1","true","http://item.taobao.com/106","MIXED","재질 알루미늄 무게 50g","본체 1개 보관 파우치","범용 1/4인치 나사 호환","M8 규격 나사 호환 불가","강한 충격에 주의하세요","개봉 후 단순 변심 반품 불가","Taobao Item 106 Original Title","50.00 CNY","0.00","Standard Silver","Aluminum Alloy, 500g","Body, Pouch, Manual","Taobao Store A","100","4.8","In Stock","2026-04-26T08:54:42.301Z","false","false","false","false","false","false","false","","v2.7 테스트","false","false","false","false","false","false","false","false","false","false","false","false","false","false","false","true","true","true","true","true","true","","","","알루미늄 합금","20mm","15mm","1개","false"
"P107","카메라 삼각대 나사 어댑터 107","카메라용품","50000","50","3000","2","95","0.1","true","http://item.taobao.com/107","MIXED","재질 알루미늄 무게 50g","본체 1개 보관 파우치","범용 1/4인치 나사 호환","M8 규격 나사 호환 불가","강한 충격에 주의하세요","개봉 후 단순 변심 반품 불가","Taobao Item 107 Original Title","50.00 CNY","0.00","Standard Silver","Aluminum Alloy, 500g","Body, Pouch, Manual","Taobao Store A","100","4.8","In Stock","2026-04-26T08:54:42.301Z","false","false","false","false","false","false","false","","v2.7 테스트","false","false","false","false","false","false","false","false","false","false","false","false","false","false","false","true","true","true","true","true","true","","","","알루미늄 합금","20mm","15mm","1개","false"
"P108","카메라 삼각대 나사 어댑터 108","카메라용품","50000","50","3000","2","95","0.1","true","http://item.taobao.com/108","MIXED","재질 알루미늄 무게 50g","본체 1개 보관 파우치","범용 1/4인치 나사 호환","M8 규격 나사 호환 불가","강한 충격에 주의하세요","개봉 후 단순 변심 반품 불가","Taobao Item 108 Original Title","50.00 CNY","0.00","Standard Silver","Aluminum Alloy, 500g","Body, Pouch, Manual","Taobao Store A","100","4.8","In Stock","2026-04-26T08:54:42.301Z","false","false","false","false","false","false","false","","v2.7 테스트","false","false","false","false","false","false","false","false","false","false","false","false","false","false","false","true","true","true","true","true","true","","","","알루미늄 합금","20mm","15mm","1개","false"
"P109","카메라 삼각대 나사 어댑터 109","카메라용품","50000","50","3000","2","95","0.1","true","http://item.taobao.com/109","MIXED","","","","","","","Taobao Item 109 Original Title","50.00 CNY","0.00","Standard Silver","Aluminum Alloy, 500g","Body, Pouch, Manual","Taobao Store A","100","4.8","In Stock","2026-04-26T08:54:42.301Z","false","false","false","false","false","false","false","","v2.7 테스트","false","false","false","false","false","false","false","false","false","false","false","false","false","false","false","true","true","true","true","true","true","","","","알루미늄 합금","20mm","15mm","1개","false"
"P110","카메라 삼각대 나사 어댑터 110","카메라용품","50000","50","3000","2","95","0.1","true","http://item.taobao.com/110","SAFE","재질 알루미늄 무게 50g","본체 1개 보관 파우치","범용 1/4인치 나사 호환","M8 규격 나사 호환 불가","강한 충격에 주의하세요","개봉 후 단순 변심 반품 불가","Taobao Item 110 Original Title","50.00 CNY","0.00","Standard Silver","Aluminum Alloy, 500g","Body, Pouch, Manual","Taobao Store A","100","4.8","In Stock","2026-04-26T08:54:42.301Z","false","false","false","false","false","false","false","","v2.7 테스트","false","false","false","false","false","false","false","false","false","false","false","false","false","false","false","true","true","true","true","true","true","","","","알루미늄 합금","20mm","15mm","1개","false"
"P111","카메라 삼각대 나사 어댑터 111","카메라용품","50000","50","3000","2","95","0.1","true","http://item.taobao.com/111","MIXED","재질 알루미늄 무게 50g","본체 1개 보관 파우치","범용 1/4인치 나사 호환","M8 규격 나사 호환 불가","강한 충격에 주의하세요","개봉 후 단순 변심 반품 불가","Taobao Item 111 Original Title","50.00 CNY","0.00","Standard Silver","Aluminum Alloy, 500g","Body, Pouch, Manual","Taobao Store A","100","4.8","In Stock","2026-04-26T08:54:42.301Z","false","false","false","false","false","false","false","","v2.7 테스트","false","false","false","false","false","false","false","false","false","false","false","false","false","false","false","true","true","true","true","true","true","","","","알루미늄 합금","20mm","15mm","1개","false"
"P112","카메라 삼각대 나사 어댑터 112","카메라용품","50000","50","3000","2","95","0.1","true","http://item.taobao.com/112","MIXED","","","","","","","Taobao Item 112 Original Title","50.00 CNY","0.00","Standard Silver","Aluminum Alloy, 500g","Body, Pouch, Manual","Taobao Store A","100","4.8","In Stock","2026-04-26T08:54:42.302Z","false","false","false","false","false","false","false","","v2.7 테스트","false","false","false","false","false","false","false","false","false","false","false","false","false","false","false","true","true","true","true","true","true","","","","알루미늄 합금","20mm","15mm","1개","false"
"P113","고속 충전기 113","전자제품","50000","50","3000","2","95","0.1","true","http://item.taobao.com/113","MIXED","재질 알루미늄 무게 50g","본체 1개 보관 파우치","범용 1/4인치 나사 호환","M8 규격 나사 호환 불가","강한 충격에 주의하세요","개봉 후 단순 변심 반품 불가","Taobao Item 113 Original Title","50.00 CNY","0.00","Standard Silver","Aluminum Alloy, 500g","Body, Pouch, Manual","Taobao Store A","100","4.8","In Stock","2026-04-26T08:54:42.302Z","false","false","false","false","false","false","false","","v2.7 테스트","true","false","false","false","false","false","false","false","false","false","false","false","false","false","false","true","true","true","true","true","true","","","","알루미늄 합금","20mm","15mm","1개","false"
"P114","카메라 삼각대 나사 어댑터 114","카메라용품","50000","50","3000","2","95","0.1","true","http://item.taobao.com/114","SAFE","재질 알루미늄 무게 50g","본체 1개 보관 파우치","범용 1/4인치 나사 호환","M8 규격 나사 호환 불가","강한 충격에 주의하세요","개봉 후 단순 변심 반품 불가","Taobao Item 114 Original Title","50.00 CNY","0.00","Standard Silver","Aluminum Alloy, 500g","Body, Pouch, Manual","Taobao Store A","100","4.8","In Stock","2026-04-26T08:54:42.302Z","false","false","false","false","false","false","false","","v2.7 테스트","false","false","false","false","false","false","false","false","false","false","false","false","false","false","false","true","true","true","true","true","true","","","","알루미늄 합금","20mm","15mm","1개","false"
"P115","고속 충전기 115","전자제품","50000","50","3000","2","95","0.1","true","http://item.taobao.com/115","MIXED","재질 알루미늄 무게 50g","본체 1개 보관 파우치","범용 1/4인치 나사 호환","M8 규격 나사 호환 불가","강한 충격에 주의하세요","개봉 후 단순 변심 반품 불가","Taobao Item 115 Original Title","50.00 CNY","0.00","Standard Silver","Aluminum Alloy, 500g","Body, Pouch, Manual","Taobao Store A","100","4.8","In Stock","2026-04-26T08:54:42.302Z","false","false","false","false","false","false","false","","v2.7 테스트","true","false","false","false","false","false","false","false","false","false","false","false","false","false","false","true","true","true","true","true","true","","","","알루미늄 합금","20mm","15mm","1개","false"
"P116","카메라 삼각대 나사 어댑터 116","카메라용품","50000","50","3000","2","95","0.1","true","http://item.taobao.com/116","MIXED","재질 알루미늄 무게 50g","본체 1개 보관 파우치","범용 1/4인치 나사 호환","M8 규격 나사 호환 불가","강한 충격에 주의하세요","개봉 후 단순 변심 반품 불가","Taobao Item 116 Original Title","50.00 CNY","0.00","Standard Silver","Aluminum Alloy, 500g","Body, Pouch, Manual","Taobao Store A","100","4.8","In Stock","2026-04-26T08:54:42.302Z","false","false","false","false","false","false","false","","v2.7 테스트","false","false","false","false","false","false","false","false","false","false","false","false","false","false","false","true","true","true","true","true","true","","","","알루미늄 합금","20mm","15mm","1개","false"
"P117","카메라 삼각대 나사 어댑터 117","카메라용품","50000","50","3000","2","95","0.1","true","http://item.taobao.com/117","MIXED","재질 알루미늄 무게 50g","본체 1개 보관 파우치","범용 1/4인치 나사 호환","M8 규격 나사 호환 불가","강한 충격에 주의하세요","개봉 후 단순 변심 반품 불가","Taobao Item 117 Original Title","50.00 CNY","0.00","Standard Silver","Aluminum Alloy, 500g","Body, Pouch, Manual","Taobao Store A","100","4.8","In Stock","2026-04-26T08:54:42.302Z","false","false","false","false","false","false","false","","v2.7 테스트","false","false","false","false","false","false","false","false","false","false","false","false","false","false","false","true","true","true","true","true","true","","","","알루미늄 합금","20mm","15mm","1개","false"
"P118","카메라 삼각대 나사 어댑터 118","카메라용품","50000","50","3000","2","95","0.1","true","http://item.taobao.com/118","SAFE","","","","","","","Taobao Item 118 Original Title","50.00 CNY","0.00","Standard Silver","Aluminum Alloy, 500g","Body, Pouch, Manual","Taobao Store A","100","4.8","In Stock","2026-04-26T08:54:42.302Z","false","false","false","false","false","false","false","","v2.7 테스트","false","false","false","false","false","false","false","false","false","false","false","false","false","false","false","true","true","true","true","true","true","","","","알루미늄 합금","20mm","15mm","1개","false"
"P119","카메라 삼각대 나사 어댑터 119","카메라용품","50000","50","3000","2","95","0.1","true","http://item.taobao.com/119","MIXED","","","","","","","Taobao Item 119 Original Title","50.00 CNY","0.00","Standard Silver","Aluminum Alloy, 500g","Body, Pouch, Manual","Taobao Store A","100","4.8","In Stock","2026-04-26T08:54:42.302Z","false","false","false","false","false","false","false","","v2.7 테스트","false","false","false","false","false","false","false","false","false","false","false","false","false","false","false","true","true","true","true","true","true","","","","알루미늄 합금","20mm","15mm","1개","false"
"P120","카메라 삼각대 나사 어댑터 120","카메라용품","50000","50","3000","2","95","0.1","true","http://item.taobao.com/120","SAFE","","","","","","","Taobao Item 120 Original Title","50.00 CNY","0.00","Standard Silver","Aluminum Alloy, 500g","Body, Pouch, Manual","Taobao Store A","100","4.8","In Stock","2026-04-26T08:54:42.302Z","false","false","false","false","false","false","false","","v2.7 테스트","false","false","false","false","false","false","false","false","false","false","false","false","false","false","false","true","true","true","true","true","true","","","","알루미늄 합금","20mm","15mm","1개","false"
