product_id,source_name,source_url,source_title,translated_title,category_guess,source_price,source_shipping_fee,option_count,option_names,review_count,rating,seller_name,seller_score,recent_sales_hint,image_count,source_spec_text,source_component_text,collected_keyword,collected_at,collection_status,risk_hint,keyword_metadata,shipping_reliability_hint
RAW_camera_screw_adapter_0_qsy19,Taobao,https://item.taobao.com/item.htm?id=RAW_camera_screw_adapter_0_qsy19,camera screw adapter - Item 0,[자동번역] camera screw adapter - 상품 0,CAMERA_ACC,83.76,0.00,4,"1/4, 3/8, Universal",248,4.6,Great Parts Store,4.8,0,5,Size: Standard,1x Screw Adapter,camera screw adapter,2026-04-26T10:13:15.952Z,SUCCESS,POTENTIAL_RISK_DETECTED,"{""keyword"":""camera screw adapter"",""category_group"":""CAMERA_ACC"",""allowed_category"":""SCREW_ADAPTER"",""priority"":1,""search_intent"":""SPEC_MATCH"",""expected_buyer"":""PROFESSIONAL"",""cs_risk_level"":""LOW"",""memo"":""High quality spec item"",""active"":true}",NORMAL
RAW_camera_screw_adapter_1_zalyk,Taobao,https://item.taobao.com/item.htm?id=RAW_camera_screw_adapter_1_zalyk,camera screw adapter - Item 1,[자동번역] camera screw adapter - 상품 1,CAMERA_ACC,102.97,0.00,7,"Type A, Type B",561,4.8,Great Parts Store,4.8,100+,5,"Material: Metal, Size: 1/4 to 3/8, Keyword Intent: SPEC_MATCH",1x Screw Adapter,camera screw adapter,2026-04-26T10:13:15.953Z,SUCCESS,,"{""keyword"":""camera screw adapter"",""category_group"":""CAMERA_ACC"",""allowed_category"":""SCREW_ADAPTER"",""priority"":1,""search_intent"":""SPEC_MATCH"",""expected_buyer"":""PROFESSIONAL"",""cs_risk_level"":""LOW"",""memo"":""High quality spec item"",""active"":true}",NORMAL
RAW_camera_screw_adapter_2_icc87,Taobao,https://item.taobao.com/item.htm?id=RAW_camera_screw_adapter_2_icc87,camera screw adapter - Item 2,[자동번역] camera screw adapter - 상품 2,CAMERA_ACC,45.30,0.00,6,"Type A, Type B",1,4.0,Great Parts Store,4.8,100+,5,Size: Standard,1x Screw Adapter,camera screw adapter,2026-04-26T10:13:15.953Z,SUCCESS,,"{""keyword"":""camera screw adapter"",""category_group"":""CAMERA_ACC"",""allowed_category"":""SCREW_ADAPTER"",""priority"":1,""search_intent"":""SPEC_MATCH"",""expected_buyer"":""PROFESSIONAL"",""cs_risk_level"":""LOW"",""memo"":""High quality spec item"",""active"":true}",NORMAL
RAW_camera_screw_adapter_3_9caob,Taobao,https://item.taobao.com/item.htm?id=RAW_camera_screw_adapter_3_9caob,camera screw adapter - Item 3,[자동번역] camera screw adapter - 상품 3,CAMERA_ACC,27.21,0.00,3,"1/4, 3/8, Universal",562,5.0,Great Parts Store,4.8,0,5,Size: Standard,1x Screw Adapter,camera screw adapter,2026-04-26T10:13:15.953Z,SUCCESS,,"{""keyword"":""camera screw adapter"",""category_group"":""CAMERA_ACC"",""allowed_category"":""SCREW_ADAPTER"",""priority"":1,""search_intent"":""SPEC_MATCH"",""expected_buyer"":""PROFESSIONAL"",""cs_risk_level"":""LOW"",""memo"":""High quality spec item"",""active"":true}",NORMAL
RAW_camera_screw_adapter_4_b8cm7,Taobao,https://item.taobao.com/item.htm?id=RAW_camera_screw_adapter_4_b8cm7,camera screw adapter - Item 4,[자동번역] camera screw adapter - 상품 4,CAMERA_ACC,40.66,0.00,9,"Type A, Type B",4,5.0,Great Parts Store,4.8,100+,5,"Material: Metal, Size: 1/4 to 3/8, Keyword Intent: SPEC_MATCH",1x Screw Adapter,camera screw adapter,2026-04-26T10:13:15.953Z,SUCCESS,,"{""keyword"":""camera screw adapter"",""category_group"":""CAMERA_ACC"",""allowed_category"":""SCREW_ADAPTER"",""priority"":1,""search_intent"":""SPEC_MATCH"",""expected_buyer"":""PROFESSIONAL"",""cs_risk_level"":""LOW"",""memo"":""High quality spec item"",""active"":true}",NORMAL
RAW_camera_screw_adapter_5_500os,Taobao,https://item.taobao.com/item.htm?id=RAW_camera_screw_adapter_5_500os,camera screw adapter - Item 5,[자동번역] camera screw adapter - 상품 5,CAMERA_ACC,48.77,0.00,7,"Type A, Type B",63,4.4,Great Parts Store,4.8,100+,5,Size: Standard,1x Screw Adapter,camera screw adapter,2026-04-26T10:13:15.953Z,SUCCESS,,"{""keyword"":""camera screw adapter"",""category_group"":""CAMERA_ACC"",""allowed_category"":""SCREW_ADAPTER"",""priority"":1,""search_intent"":""SPEC_MATCH"",""expected_buyer"":""PROFESSIONAL"",""cs_risk_level"":""LOW"",""memo"":""High quality spec item"",""active"":true}",FAST
RAW_camera_screw_adapter_6_j1lgt,Taobao,https://item.taobao.com/item.htm?id=RAW_camera_screw_adapter_6_j1lgt,camera screw adapter - Item 6,[자동번역] camera screw adapter - 상품 6,CAMERA_ACC,89.01,0.00,8,"1/4, 3/8, Universal",4,4.2,Great Parts Store,4.8,100+,5,"Material: Metal, Size: 1/4 to 3/8, Keyword Intent: SPEC_MATCH",,camera screw adapter,2026-04-26T10:13:15.953Z,SUCCESS,,"{""keyword"":""camera screw adapter"",""category_group"":""CAMERA_ACC"",""allowed_category"":""SCREW_ADAPTER"",""priority"":1,""search_intent"":""SPEC_MATCH"",""expected_buyer"":""PROFESSIONAL"",""cs_risk_level"":""LOW"",""memo"":""High quality spec item"",""active"":true}",NORMAL
RAW_camera_screw_adapter_7_euic7,Taobao,https://item.taobao.com/item.htm?id=RAW_camera_screw_adapter_7_euic7,camera screw adapter - Item 7,[자동번역] camera screw adapter - 상품 7,CAMERA_ACC,109.69,0.00,3,"Type A, Type B",3,4.9,Great Parts Store,4.8,0,5,Size: Standard,1x Screw Adapter,camera screw adapter,2026-04-26T10:13:15.953Z,SUCCESS,,"{""keyword"":""camera screw adapter"",""category_group"":""CAMERA_ACC"",""allowed_category"":""SCREW_ADAPTER"",""priority"":1,""search_intent"":""SPEC_MATCH"",""expected_buyer"":""PROFESSIONAL"",""cs_risk_level"":""LOW"",""memo"":""High quality spec item"",""active"":true}",FAST
RAW_camera_screw_adapter_8_i9ea7,Taobao,https://item.taobao.com/item.htm?id=RAW_camera_screw_adapter_8_i9ea7,camera screw adapter - Item 8,[자동번역] camera screw adapter - 상품 8,CAMERA_ACC,39.48,0.00,10,"Type A, Type B",887,4.7,Great Parts Store,4.8,0,5,"Material: Metal, Size: 1/4 to 3/8, Keyword Intent: SPEC_MATCH",1x Screw Adapter,camera screw adapter,2026-04-26T10:13:15.953Z,SUCCESS,,"{""keyword"":""camera screw adapter"",""category_group"":""CAMERA_ACC"",""allowed_category"":""SCREW_ADAPTER"",""priority"":1,""search_intent"":""SPEC_MATCH"",""expected_buyer"":""PROFESSIONAL"",""cs_risk_level"":""LOW"",""memo"":""High quality spec item"",""active"":true}",NORMAL
RAW_camera_screw_adapter_9_8e03d,Taobao,https://item.taobao.com/item.htm?id=RAW_camera_screw_adapter_9_8e03d,camera screw adapter - Item 9,[자동번역] camera screw adapter - 상품 9,CAMERA_ACC,85.67,0.00,7,"1/4, 3/8, Universal",136,4.2,Great Parts Store,4.8,0,5,"Material: Metal, Size: 1/4 to 3/8, Keyword Intent: SPEC_MATCH",,camera screw adapter,2026-04-26T10:13:15.954Z,SUCCESS,,"{""keyword"":""camera screw adapter"",""category_group"":""CAMERA_ACC"",""allowed_category"":""SCREW_ADAPTER"",""priority"":1,""search_intent"":""SPEC_MATCH"",""expected_buyer"":""PROFESSIONAL"",""cs_risk_level"":""LOW"",""memo"":""High quality spec item"",""active"":true}",FAST
RAW_camera_screw_adapter_10_nkit3,Taobao,https://item.taobao.com/item.htm?id=RAW_camera_screw_adapter_10_nkit3,camera screw adapter - Item 10,[자동번역] camera screw adapter - 상품 10,CAMERA_ACC,25.51,0.00,9,"Type A, Type B",1,5.0,Great Parts Store,4.8,0,5,Size: Standard,1x Screw Adapter,camera screw adapter,2026-04-26T10:13:15.954Z,SUCCESS,,"{""keyword"":""camera screw adapter"",""category_group"":""CAMERA_ACC"",""allowed_category"":""SCREW_ADAPTER"",""priority"":1,""search_intent"":""SPEC_MATCH"",""expected_buyer"":""PROFESSIONAL"",""cs_risk_level"":""LOW"",""memo"":""High quality spec item"",""active"":true}",NORMAL
RAW_camera_screw_adapter_11_qpq91,Taobao,https://item.taobao.com/item.htm?id=RAW_camera_screw_adapter_11_qpq91,camera screw adapter - Item 11,[자동번역] camera screw adapter - 상품 11,CAMERA_ACC,27.64,0.00,2,"Type A, Type B",576,4.5,Great Parts Store,4.8,100+,5,Size: Standard,1x Screw Adapter,camera screw adapter,2026-04-26T10:13:15.954Z,SUCCESS,,"{""keyword"":""camera screw adapter"",""category_group"":""CAMERA_ACC"",""allowed_category"":""SCREW_ADAPTER"",""priority"":1,""search_intent"":""SPEC_MATCH"",""expected_buyer"":""PROFESSIONAL"",""cs_risk_level"":""LOW"",""memo"":""High quality spec item"",""active"":true}",FAST
RAW_camera_screw_adapter_12_a2vsr,Taobao,https://item.taobao.com/item.htm?id=RAW_camera_screw_adapter_12_a2vsr,camera screw adapter - Item 12,[자동번역] camera screw adapter - 상품 12,CAMERA_ACC,73.53,0.00,1,"1/4, 3/8, Universal",372,4.4,Great Parts Store,4.8,100+,5,Size: Standard,1x Screw Adapter,camera screw adapter,2026-04-26T10:13:15.954Z,SUCCESS,,"{""keyword"":""camera screw adapter"",""category_group"":""CAMERA_ACC"",""allowed_category"":""SCREW_ADAPTER"",""priority"":1,""search_intent"":""SPEC_MATCH"",""expected_buyer"":""PROFESSIONAL"",""cs_risk_level"":""LOW"",""memo"":""High quality spec item"",""active"":true}",NORMAL
RAW_camera_screw_adapter_13_ptolc,Taobao,https://item.taobao.com/item.htm?id=RAW_camera_screw_adapter_13_ptolc,camera screw adapter - Item 13,[자동번역] camera screw adapter - 상품 13,CAMERA_ACC,14.10,0.00,1,"Type A, Type B",896,4.4,Great Parts Store,4.8,0,5,"Material: Metal, Size: 1/4 to 3/8, Keyword Intent: SPEC_MATCH",,camera screw adapter,2026-04-26T10:13:15.954Z,SUCCESS,,"{""keyword"":""camera screw adapter"",""category_group"":""CAMERA_ACC"",""allowed_category"":""SCREW_ADAPTER"",""priority"":1,""search_intent"":""SPEC_MATCH"",""expected_buyer"":""PROFESSIONAL"",""cs_risk_level"":""LOW"",""memo"":""High quality spec item"",""active"":true}",FAST
RAW_camera_screw_adapter_14_o1tfd,Taobao,https://item.taobao.com/item.htm?id=RAW_camera_screw_adapter_14_o1tfd,camera screw adapter - Item 14,[자동번역] camera screw adapter - 상품 14,CAMERA_ACC,37.14,0.00,3,"Type A, Type B",263,4.8,Great Parts Store,4.8,0,5,Size: Standard,1x Screw Adapter,camera screw adapter,2026-04-26T10:13:15.954Z,SUCCESS,,"{""keyword"":""camera screw adapter"",""category_group"":""CAMERA_ACC"",""allowed_category"":""SCREW_ADAPTER"",""priority"":1,""search_intent"":""SPEC_MATCH"",""expected_buyer"":""PROFESSIONAL"",""cs_risk_level"":""LOW"",""memo"":""High quality spec item"",""active"":true}",NORMAL
RAW_tripod_screw_adapter_0_ogn67,Taobao,https://item.taobao.com/item.htm?id=RAW_tripod_screw_adapter_0_ogn67,tripod screw adapter - Item 0,[자동번역] tripod screw adapter - 상품 0,CAMERA_ACC,81.20,0.00,9,"1/4, 3/8, Universal",4,4.5,Great Parts Store,4.8,0,5,"Material: Metal, Size: 1/4 to 3/8, Keyword Intent: SPEC_MATCH",1x Screw Adapter,tripod screw adapter,2026-04-26T10:13:15.954Z,SUCCESS,POTENTIAL_RISK_DETECTED,"{""keyword"":""tripod screw adapter"",""category_group"":""CAMERA_ACC"",""allowed_category"":""SCREW_ADAPTER"",""priority"":1,""search_intent"":""SPEC_MATCH"",""expected_buyer"":""PROFESSIONAL"",""cs_risk_level"":""LOW"",""memo"":""Essential accessory"",""active"":true}",FAST
RAW_tripod_screw_adapter_1_e6bep,Taobao,https://item.taobao.com/item.htm?id=RAW_tripod_screw_adapter_1_e6bep,tripod screw adapter - Item 1,[자동번역] tripod screw adapter - 상품 1,CAMERA_ACC,49.87,0.00,7,"Type A, Type B",3,4.4,Great Parts Store,4.8,100+,5,Size: Standard,1x Screw Adapter,tripod screw adapter,2026-04-26T10:13:15.954Z,SUCCESS,,"{""keyword"":""tripod screw adapter"",""category_group"":""CAMERA_ACC"",""allowed_category"":""SCREW_ADAPTER"",""priority"":1,""search_intent"":""SPEC_MATCH"",""expected_buyer"":""PROFESSIONAL"",""cs_risk_level"":""LOW"",""memo"":""Essential accessory"",""active"":true}",NORMAL
RAW_tripod_screw_adapter_2_v8lni,Taobao,https://item.taobao.com/item.htm?id=RAW_tripod_screw_adapter_2_v8lni,tripod screw adapter - Item 2,[자동번역] tripod screw adapter - 상품 2,CAMERA_ACC,22.53,0.00,10,"Type A, Type B",537,4.4,Great Parts Store,4.8,100+,5,Size: Standard,,tripod screw adapter,2026-04-26T10:13:15.954Z,SUCCESS,,"{""keyword"":""tripod screw adapter"",""category_group"":""CAMERA_ACC"",""allowed_category"":""SCREW_ADAPTER"",""priority"":1,""search_intent"":""SPEC_MATCH"",""expected_buyer"":""PROFESSIONAL"",""cs_risk_level"":""LOW"",""memo"":""Essential accessory"",""active"":true}",FAST
RAW_tripod_screw_adapter_3_zx6m5,Taobao,https://item.taobao.com/item.htm?id=RAW_tripod_screw_adapter_3_zx6m5,tripod screw adapter - Item 3,[자동번역] tripod screw adapter - 상품 3,CAMERA_ACC,53.92,0.00,4,"1/4, 3/8, Universal",538,4.7,Great Parts Store,4.8,0,5,"Material: Metal, Size: 1/4 to 3/8, Keyword Intent: SPEC_MATCH",1x Screw Adapter,tripod screw adapter,2026-04-26T10:13:15.954Z,SUCCESS,,"{""keyword"":""tripod screw adapter"",""category_group"":""CAMERA_ACC"",""allowed_category"":""SCREW_ADAPTER"",""priority"":1,""search_intent"":""SPEC_MATCH"",""expected_buyer"":""PROFESSIONAL"",""cs_risk_level"":""LOW"",""memo"":""Essential accessory"",""active"":true}",NORMAL
RAW_tripod_screw_adapter_4_8257l,Taobao,https://item.taobao.com/item.htm?id=RAW_tripod_screw_adapter_4_8257l,tripod screw adapter - Item 4,[자동번역] tripod screw adapter - 상품 4,CAMERA_ACC,15.17,0.00,6,"Type A, Type B",699,4.1,Great Parts Store,4.8,100+,5,"Material: Metal, Size: 1/4 to 3/8, Keyword Intent: SPEC_MATCH",1x Screw Adapter,tripod screw adapter,2026-04-26T10:13:15.954Z,SUCCESS,,"{""keyword"":""tripod screw adapter"",""category_group"":""CAMERA_ACC"",""allowed_category"":""SCREW_ADAPTER"",""priority"":1,""search_intent"":""SPEC_MATCH"",""expected_buyer"":""PROFESSIONAL"",""cs_risk_level"":""LOW"",""memo"":""Essential accessory"",""active"":true}",NORMAL
RAW_tripod_screw_adapter_5_c832m,Taobao,https://item.taobao.com/item.htm?id=RAW_tripod_screw_adapter_5_c832m,tripod screw adapter - Item 5,[자동번역] tripod screw adapter - 상품 5,CAMERA_ACC,107.75,0.00,2,"Type A, Type B",963,4.2,Great Parts Store,4.8,100+,5,"Material: Metal, Size: 1/4 to 3/8, Keyword Intent: SPEC_MATCH",1x Screw Adapter,tripod screw adapter,2026-04-26T10:13:15.954Z,SUCCESS,,"{""keyword"":""tripod screw adapter"",""category_group"":""CAMERA_ACC"",""allowed_category"":""SCREW_ADAPTER"",""priority"":1,""search_intent"":""SPEC_MATCH"",""expected_buyer"":""PROFESSIONAL"",""cs_risk_level"":""LOW"",""memo"":""Essential accessory"",""active"":true}",FAST
RAW_tripod_screw_adapter_6_0t2sh,Taobao,https://item.taobao.com/item.htm?id=RAW_tripod_screw_adapter_6_0t2sh,tripod screw adapter - Item 6,[자동번역] tripod screw adapter - 상품 6,CAMERA_ACC,21.60,0.00,7,"1/4, 3/8, Universal",588,4.8,Great Parts Store,4.8,0,5,"Material: Metal, Size: 1/4 to 3/8, Keyword Intent: SPEC_MATCH",1x Screw Adapter,tripod screw adapter,2026-04-26T10:13:15.954Z,SUCCESS,,"{""keyword"":""tripod screw adapter"",""category_group"":""CAMERA_ACC"",""allowed_category"":""SCREW_ADAPTER"",""priority"":1,""search_intent"":""SPEC_MATCH"",""expected_buyer"":""PROFESSIONAL"",""cs_risk_level"":""LOW"",""memo"":""Essential accessory"",""active"":true}",NORMAL
RAW_tripod_screw_adapter_7_0ed2b,Taobao,https://item.taobao.com/item.htm?id=RAW_tripod_screw_adapter_7_0ed2b,tripod screw adapter - Item 7,[자동번역] tripod screw adapter - 상품 7,CAMERA_ACC,15.74,0.00,2,"Type A, Type B",4,4.9,Great Parts Store,4.8,0,5,"Material: Metal, Size: 1/4 to 3/8, Keyword Intent: SPEC_MATCH",1x Screw Adapter,tripod screw adapter,2026-04-26T10:13:15.954Z,SUCCESS,,"{""keyword"":""tripod screw adapter"",""category_group"":""CAMERA_ACC"",""allowed_category"":""SCREW_ADAPTER"",""priority"":1,""search_intent"":""SPEC_MATCH"",""expected_buyer"":""PROFESSIONAL"",""cs_risk_level"":""LOW"",""memo"":""Essential accessory"",""active"":true}",FAST
RAW_tripod_screw_adapter_8_qol6e,Taobao,https://item.taobao.com/item.htm?id=RAW_tripod_screw_adapter_8_qol6e,tripod screw adapter - Item 8,[자동번역] tripod screw adapter - 상품 8,CAMERA_ACC,93.33,0.00,6,"Type A, Type B",101,4.3,Great Parts Store,4.8,100+,5,"Material: Metal, Size: 1/4 to 3/8, Keyword Intent: SPEC_MATCH",1x Screw Adapter,tripod screw adapter,2026-04-26T10:13:15.954Z,SUCCESS,,"{""keyword"":""tripod screw adapter"",""category_group"":""CAMERA_ACC"",""allowed_category"":""SCREW_ADAPTER"",""priority"":1,""search_intent"":""SPEC_MATCH"",""expected_buyer"":""PROFESSIONAL"",""cs_risk_level"":""LOW"",""memo"":""Essential accessory"",""active"":true}",FAST
RAW_tripod_screw_adapter_9_vl74y,Taobao,https://item.taobao.com/item.htm?id=RAW_tripod_screw_adapter_9_vl74y,tripod screw adapter - Item 9,[자동번역] tripod screw adapter - 상품 9,CAMERA_ACC,23.56,0.00,10,"1/4, 3/8, Universal",3,4.6,Great Parts Store,4.8,0,5,"Material: Metal, Size: 1/4 to 3/8, Keyword Intent: SPEC_MATCH",1x Screw Adapter,tripod screw adapter,2026-04-26T10:13:15.954Z,SUCCESS,,"{""keyword"":""tripod screw adapter"",""category_group"":""CAMERA_ACC"",""allowed_category"":""SCREW_ADAPTER"",""priority"":1,""search_intent"":""SPEC_MATCH"",""expected_buyer"":""PROFESSIONAL"",""cs_risk_level"":""LOW"",""memo"":""Essential accessory"",""active"":true}",FAST
RAW_1/4_3/8_adapter_0_ad3p5,Taobao,https://item.taobao.com/item.htm?id=RAW_1/4_3/8_adapter_0_ad3p5,1/4 3/8 adapter - Item 0,[자동번역] 1/4 3/8 adapter - 상품 0,CAMERA_ACC,27.44,0.00,7,"1/4, 3/8, Universal",0,4.1,Great Parts Store,4.8,0,5,"Material: Metal, Size: 1/4 to 3/8, Keyword Intent: SPEC_MATCH",1x Screw Adapter,1/4 3/8 adapter,2026-04-26T10:13:15.954Z,SUCCESS,POTENTIAL_RISK_DETECTED,"{""keyword"":""1/4 3/8 adapter"",""category_group"":""CAMERA_ACC"",""allowed_category"":""SCREW_ADAPTER"",""priority"":1,""search_intent"":""SPEC_MATCH"",""expected_buyer"":""PROFESSIONAL"",""cs_risk_level"":""LOW"",""memo"":""Clear spec search"",""active"":true}",NORMAL
RAW_1/4_3/8_adapter_1_3hq21,Taobao,https://item.taobao.com/item.htm?id=RAW_1/4_3/8_adapter_1_3hq21,1/4 3/8 adapter - Item 1,[자동번역] 1/4 3/8 adapter - 상품 1,CAMERA_ACC,93.53,0.00,2,"Type A, Type B",537,4.7,Great Parts Store,4.8,0,5,"Material: Metal, Size: 1/4 to 3/8, Keyword Intent: SPEC_MATCH",,1/4 3/8 adapter,2026-04-26T10:13:15.954Z,SUCCESS,,"{""keyword"":""1/4 3/8 adapter"",""category_group"":""CAMERA_ACC"",""allowed_category"":""SCREW_ADAPTER"",""priority"":1,""search_intent"":""SPEC_MATCH"",""expected_buyer"":""PROFESSIONAL"",""cs_risk_level"":""LOW"",""memo"":""Clear spec search"",""active"":true}",FAST
RAW_1/4_3/8_adapter_2_rj7vw,Taobao,https://item.taobao.com/item.htm?id=RAW_1/4_3/8_adapter_2_rj7vw,1/4 3/8 adapter - Item 2,[자동번역] 1/4 3/8 adapter - 상품 2,CAMERA_ACC,15.95,0.00,1,"Type A, Type B",903,4.9,Great Parts Store,4.8,100+,5,Size: Standard,1x Screw Adapter,1/4 3/8 adapter,2026-04-26T10:13:15.954Z,SUCCESS,,"{""keyword"":""1/4 3/8 adapter"",""category_group"":""CAMERA_ACC"",""allowed_category"":""SCREW_ADAPTER"",""priority"":1,""search_intent"":""SPEC_MATCH"",""expected_buyer"":""PROFESSIONAL"",""cs_risk_level"":""LOW"",""memo"":""Clear spec search"",""active"":true}",NORMAL
RAW_1/4_3/8_adapter_3_jdtsl,Taobao,https://item.taobao.com/item.htm?id=RAW_1/4_3/8_adapter_3_jdtsl,1/4 3/8 adapter - Item 3,[자동번역] 1/4 3/8 adapter - 상품 3,CAMERA_ACC,52.72,0.00,2,"1/4, 3/8, Universal",1,4.1,Great Parts Store,4.8,0,5,"Material: Metal, Size: 1/4 to 3/8, Keyword Intent: SPEC_MATCH",1x Screw Adapter,1/4 3/8 adapter,2026-04-26T10:13:15.954Z,SUCCESS,,"{""keyword"":""1/4 3/8 adapter"",""category_group"":""CAMERA_ACC"",""allowed_category"":""SCREW_ADAPTER"",""priority"":1,""search_intent"":""SPEC_MATCH"",""expected_buyer"":""PROFESSIONAL"",""cs_risk_level"":""LOW"",""memo"":""Clear spec search"",""active"":true}",FAST
RAW_1/4_3/8_adapter_4_gc9nr,Taobao,https://item.taobao.com/item.htm?id=RAW_1/4_3/8_adapter_4_gc9nr,1/4 3/8 adapter - Item 4,[자동번역] 1/4 3/8 adapter - 상품 4,CAMERA_ACC,41.68,0.00,7,"Type A, Type B",104,4.7,Great Parts Store,4.8,100+,5,Size: Standard,1x Screw Adapter,1/4 3/8 adapter,2026-04-26T10:13:15.954Z,SUCCESS,,"{""keyword"":""1/4 3/8 adapter"",""category_group"":""CAMERA_ACC"",""allowed_category"":""SCREW_ADAPTER"",""priority"":1,""search_intent"":""SPEC_MATCH"",""expected_buyer"":""PROFESSIONAL"",""cs_risk_level"":""LOW"",""memo"":""Clear spec search"",""active"":true}",NORMAL
RAW_1/4_3/8_adapter_5_uea94,Taobao,https://item.taobao.com/item.htm?id=RAW_1/4_3/8_adapter_5_uea94,1/4 3/8 adapter - Item 5,[자동번역] 1/4 3/8 adapter - 상품 5,CAMERA_ACC,63.35,0.00,6,"Type A, Type B",0,4.6,Great Parts Store,4.8,0,5,"Material: Metal, Size: 1/4 to 3/8, Keyword Intent: SPEC_MATCH",,1/4 3/8 adapter,2026-04-26T10:13:15.954Z,SUCCESS,,"{""keyword"":""1/4 3/8 adapter"",""category_group"":""CAMERA_ACC"",""allowed_category"":""SCREW_ADAPTER"",""priority"":1,""search_intent"":""SPEC_MATCH"",""expected_buyer"":""PROFESSIONAL"",""cs_risk_level"":""LOW"",""memo"":""Clear spec search"",""active"":true}",NORMAL
RAW_1/4_3/8_adapter_6_zc9hs,Taobao,https://item.taobao.com/item.htm?id=RAW_1/4_3/8_adapter_6_zc9hs,1/4 3/8 adapter - Item 6,[자동번역] 1/4 3/8 adapter - 상품 6,CAMERA_ACC,28.87,0.00,5,"1/4, 3/8, Universal",0,4.5,Great Parts Store,4.8,0,5,"Material: Metal, Size: 1/4 to 3/8, Keyword Intent: SPEC_MATCH",1x Screw Adapter,1/4 3/8 adapter,2026-04-26T10:13:15.954Z,SUCCESS,,"{""keyword"":""1/4 3/8 adapter"",""category_group"":""CAMERA_ACC"",""allowed_category"":""SCREW_ADAPTER"",""priority"":1,""search_intent"":""SPEC_MATCH"",""expected_buyer"":""PROFESSIONAL"",""cs_risk_level"":""LOW"",""memo"":""Clear spec search"",""active"":true}",NORMAL
RAW_1/4_3/8_adapter_7_t5q4y,Taobao,https://item.taobao.com/item.htm?id=RAW_1/4_3/8_adapter_7_t5q4y,1/4 3/8 adapter - Item 7,[자동번역] 1/4 3/8 adapter - 상품 7,CAMERA_ACC,59.22,0.00,7,"Type A, Type B",4,4.9,Great Parts Store,4.8,100+,5,"Material: Metal, Size: 1/4 to 3/8, Keyword Intent: SPEC_MATCH",1x Screw Adapter,1/4 3/8 adapter,2026-04-26T10:13:15.954Z,SUCCESS,,"{""keyword"":""1/4 3/8 adapter"",""category_group"":""CAMERA_ACC"",""allowed_category"":""SCREW_ADAPTER"",""priority"":1,""search_intent"":""SPEC_MATCH"",""expected_buyer"":""PROFESSIONAL"",""cs_risk_level"":""LOW"",""memo"":""Clear spec search"",""active"":true}",FAST
RAW_1/4_3/8_adapter_8_efxiw,Taobao,https://item.taobao.com/item.htm?id=RAW_1/4_3/8_adapter_8_efxiw,1/4 3/8 adapter - Item 8,[자동번역] 1/4 3/8 adapter - 상품 8,CAMERA_ACC,66.90,0.00,8,"Type A, Type B",2,4.2,Great Parts Store,4.8,100+,5,"Material: Metal, Size: 1/4 to 3/8, Keyword Intent: SPEC_MATCH",1x Screw Adapter,1/4 3/8 adapter,2026-04-26T10:13:15.954Z,SUCCESS,,"{""keyword"":""1/4 3/8 adapter"",""category_group"":""CAMERA_ACC"",""allowed_category"":""SCREW_ADAPTER"",""priority"":1,""search_intent"":""SPEC_MATCH"",""expected_buyer"":""PROFESSIONAL"",""cs_risk_level"":""LOW"",""memo"":""Clear spec search"",""active"":true}",NORMAL
RAW_1/4_3/8_adapter_9_dsnnr,Taobao,https://item.taobao.com/item.htm?id=RAW_1/4_3/8_adapter_9_dsnnr,1/4 3/8 adapter - Item 9,[자동번역] 1/4 3/8 adapter - 상품 9,CAMERA_ACC,71.09,0.00,6,"1/4, 3/8, Universal",708,4.1,Great Parts Store,4.8,100+,5,"Material: Metal, Size: 1/4 to 3/8, Keyword Intent: SPEC_MATCH",1x Screw Adapter,1/4 3/8 adapter,2026-04-26T10:13:15.954Z,SUCCESS,,"{""keyword"":""1/4 3/8 adapter"",""category_group"":""CAMERA_ACC"",""allowed_category"":""SCREW_ADAPTER"",""priority"":1,""search_intent"":""SPEC_MATCH"",""expected_buyer"":""PROFESSIONAL"",""cs_risk_level"":""LOW"",""memo"":""Clear spec search"",""active"":true}",FAST
RAW_1/4_3/8_adapter_10_5xkij,Taobao,https://item.taobao.com/item.htm?id=RAW_1/4_3/8_adapter_10_5xkij,1/4 3/8 adapter - Item 10,[자동번역] 1/4 3/8 adapter - 상품 10,CAMERA_ACC,24.94,0.00,4,"Type A, Type B",435,4.6,Great Parts Store,4.8,100+,5,"Material: Metal, Size: 1/4 to 3/8, Keyword Intent: SPEC_MATCH",1x Screw Adapter,1/4 3/8 adapter,2026-04-26T10:13:15.954Z,SUCCESS,,"{""keyword"":""1/4 3/8 adapter"",""category_group"":""CAMERA_ACC"",""allowed_category"":""SCREW_ADAPTER"",""priority"":1,""search_intent"":""SPEC_MATCH"",""expected_buyer"":""PROFESSIONAL"",""cs_risk_level"":""LOW"",""memo"":""Clear spec search"",""active"":true}",NORMAL
RAW_1/4_3/8_adapter_11_xigfn,Taobao,https://item.taobao.com/item.htm?id=RAW_1/4_3/8_adapter_11_xigfn,1/4 3/8 adapter - Item 11,[자동번역] 1/4 3/8 adapter - 상품 11,CAMERA_ACC,94.19,0.00,8,"Type A, Type B",4,4.1,Great Parts Store,4.8,100+,5,Size: Standard,1x Screw Adapter,1/4 3/8 adapter,2026-04-26T10:13:15.954Z,SUCCESS,,"{""keyword"":""1/4 3/8 adapter"",""category_group"":""CAMERA_ACC"",""allowed_category"":""SCREW_ADAPTER"",""priority"":1,""search_intent"":""SPEC_MATCH"",""expected_buyer"":""PROFESSIONAL"",""cs_risk_level"":""LOW"",""memo"":""Clear spec search"",""active"":true}",FAST
RAW_1/4_3/8_adapter_12_uurww,Taobao,https://item.taobao.com/item.htm?id=RAW_1/4_3/8_adapter_12_uurww,1/4 3/8 adapter - Item 12,[자동번역] 1/4 3/8 adapter - 상품 12,CAMERA_ACC,43.73,0.00,5,"1/4, 3/8, Universal",229,5.0,Great Parts Store,4.8,100+,5,"Material: Metal, Size: 1/4 to 3/8, Keyword Intent: SPEC_MATCH",,1/4 3/8 adapter,2026-04-26T10:13:15.954Z,SUCCESS,,"{""keyword"":""1/4 3/8 adapter"",""category_group"":""CAMERA_ACC"",""allowed_category"":""SCREW_ADAPTER"",""priority"":1,""search_intent"":""SPEC_MATCH"",""expected_buyer"":""PROFESSIONAL"",""cs_risk_level"":""LOW"",""memo"":""Clear spec search"",""active"":true}",NORMAL
RAW_1/4_3/8_adapter_13_7bgwe,Taobao,https://item.taobao.com/item.htm?id=RAW_1/4_3/8_adapter_13_7bgwe,1/4 3/8 adapter - Item 13,[자동번역] 1/4 3/8 adapter - 상품 13,CAMERA_ACC,18.54,0.00,4,"Type A, Type B",612,4.9,Great Parts Store,4.8,0,5,"Material: Metal, Size: 1/4 to 3/8, Keyword Intent: SPEC_MATCH",1x Screw Adapter,1/4 3/8 adapter,2026-04-26T10:13:15.954Z,SUCCESS,,"{""keyword"":""1/4 3/8 adapter"",""category_group"":""CAMERA_ACC"",""allowed_category"":""SCREW_ADAPTER"",""priority"":1,""search_intent"":""SPEC_MATCH"",""expected_buyer"":""PROFESSIONAL"",""cs_risk_level"":""LOW"",""memo"":""Clear spec search"",""active"":true}",FAST
RAW_1/4_3/8_adapter_14_0es6z,Taobao,https://item.taobao.com/item.htm?id=RAW_1/4_3/8_adapter_14_0es6z,1/4 3/8 adapter - Item 14,[자동번역] 1/4 3/8 adapter - 상품 14,CAMERA_ACC,98.82,0.00,6,"Type A, Type B",4,4.9,Great Parts Store,4.8,100+,5,"Material: Metal, Size: 1/4 to 3/8, Keyword Intent: SPEC_MATCH",1x Screw Adapter,1/4 3/8 adapter,2026-04-26T10:13:15.954Z,SUCCESS,,"{""keyword"":""1/4 3/8 adapter"",""category_group"":""CAMERA_ACC"",""allowed_category"":""SCREW_ADAPTER"",""priority"":1,""search_intent"":""SPEC_MATCH"",""expected_buyer"":""PROFESSIONAL"",""cs_risk_level"":""LOW"",""memo"":""Clear spec search"",""active"":true}",FAST
RAW_1/4_3/8_adapter_15_0ufdh,Taobao,https://item.taobao.com/item.htm?id=RAW_1/4_3/8_adapter_15_0ufdh,1/4 3/8 adapter - Item 15,[자동번역] 1/4 3/8 adapter - 상품 15,CAMERA_ACC,70.18,0.00,1,"1/4, 3/8, Universal",105,4.5,Great Parts Store,4.8,100+,5,Size: Standard,1x Screw Adapter,1/4 3/8 adapter,2026-04-26T10:13:15.954Z,SUCCESS,POTENTIAL_RISK_DETECTED,"{""keyword"":""1/4 3/8 adapter"",""category_group"":""CAMERA_ACC"",""allowed_category"":""SCREW_ADAPTER"",""priority"":1,""search_intent"":""SPEC_MATCH"",""expected_buyer"":""PROFESSIONAL"",""cs_risk_level"":""LOW"",""memo"":""Clear spec search"",""active"":true}",NORMAL
RAW_1/4_3/8_adapter_16_vl9sc,Taobao,https://item.taobao.com/item.htm?id=RAW_1/4_3/8_adapter_16_vl9sc,1/4 3/8 adapter - Item 16,[자동번역] 1/4 3/8 adapter - 상품 16,CAMERA_ACC,88.13,0.00,10,"Type A, Type B",163,4.7,Great Parts Store,4.8,0,5,Size: Standard,1x Screw Adapter,1/4 3/8 adapter,2026-04-26T10:13:15.954Z,SUCCESS,,"{""keyword"":""1/4 3/8 adapter"",""category_group"":""CAMERA_ACC"",""allowed_category"":""SCREW_ADAPTER"",""priority"":1,""search_intent"":""SPEC_MATCH"",""expected_buyer"":""PROFESSIONAL"",""cs_risk_level"":""LOW"",""memo"":""Clear spec search"",""active"":true}",NORMAL
RAW_1/4_3/8_adapter_17_es6be,Taobao,https://item.taobao.com/item.htm?id=RAW_1/4_3/8_adapter_17_es6be,1/4 3/8 adapter - Item 17,[자동번역] 1/4 3/8 adapter - 상품 17,CAMERA_ACC,74.49,0.00,3,"Type A, Type B",3,4.6,Great Parts Store,4.8,100+,5,"Material: Metal, Size: 1/4 to 3/8, Keyword Intent: SPEC_MATCH",,1/4 3/8 adapter,2026-04-26T10:13:15.954Z,SUCCESS,,"{""keyword"":""1/4 3/8 adapter"",""category_group"":""CAMERA_ACC"",""allowed_category"":""SCREW_ADAPTER"",""priority"":1,""search_intent"":""SPEC_MATCH"",""expected_buyer"":""PROFESSIONAL"",""cs_risk_level"":""LOW"",""memo"":""Clear spec search"",""active"":true}",FAST
RAW_1/4_3/8_adapter_18_k9s89,Taobao,https://item.taobao.com/item.htm?id=RAW_1/4_3/8_adapter_18_k9s89,1/4 3/8 adapter - Item 18,[자동번역] 1/4 3/8 adapter - 상품 18,CAMERA_ACC,70.46,0.00,1,"1/4, 3/8, Universal",361,4.7,Great Parts Store,4.8,0,5,"Material: Metal, Size: 1/4 to 3/8, Keyword Intent: SPEC_MATCH",1x Screw Adapter,1/4 3/8 adapter,2026-04-26T10:13:15.954Z,SUCCESS,,"{""keyword"":""1/4 3/8 adapter"",""category_group"":""CAMERA_ACC"",""allowed_category"":""SCREW_ADAPTER"",""priority"":1,""search_intent"":""SPEC_MATCH"",""expected_buyer"":""PROFESSIONAL"",""cs_risk_level"":""LOW"",""memo"":""Clear spec search"",""active"":true}",FAST
RAW_3d_printer_nozzle_0.4mm_0_g9xja,Taobao,https://item.taobao.com/item.htm?id=RAW_3d_printer_nozzle_0.4mm_0_g9xja,3d printer nozzle 0.4mm - Item 0,[자동번역] 3d printer nozzle 0.4mm - 상품 0,3D_PRINTER,53.09,0.00,5,"1/4, 3/8, Universal",121,4.9,Great Parts Store,4.8,100+,5,"Material: Metal, Size: 1/4 to 3/8, Keyword Intent: REPLACEMENT",1x Screw Adapter,3d printer nozzle 0.4mm,2026-04-26T10:13:15.954Z,SUCCESS,POTENTIAL_RISK_DETECTED,"{""keyword"":""3d printer nozzle 0.4mm"",""category_group"":""3D_PRINTER"",""allowed_category"":""NOZZLE"",""priority"":1,""search_intent"":""REPLACEMENT"",""expected_buyer"":""MAKER"",""cs_risk_level"":""LOW"",""memo"":""Consumable part"",""active"":true}",FAST
RAW_3d_printer_nozzle_0.4mm_1_x4e2g,Taobao,https://item.taobao.com/item.htm?id=RAW_3d_printer_nozzle_0.4mm_1_x4e2g,3d printer nozzle 0.4mm - Item 1,[자동번역] 3d printer nozzle 0.4mm - 상품 1,3D_PRINTER,50.98,0.00,5,"Type A, Type B",119,4.5,Great Parts Store,4.8,0,5,"Material: Metal, Size: 1/4 to 3/8, Keyword Intent: REPLACEMENT",1x Screw Adapter,3d printer nozzle 0.4mm,2026-04-26T10:13:15.954Z,SUCCESS,,"{""keyword"":""3d printer nozzle 0.4mm"",""category_group"":""3D_PRINTER"",""allowed_category"":""NOZZLE"",""priority"":1,""search_intent"":""REPLACEMENT"",""expected_buyer"":""MAKER"",""cs_risk_level"":""LOW"",""memo"":""Consumable part"",""active"":true}",NORMAL
RAW_3d_printer_nozzle_0.4mm_2_nheit,Taobao,https://item.taobao.com/item.htm?id=RAW_3d_printer_nozzle_0.4mm_2_nheit,3d printer nozzle 0.4mm - Item 2,[자동번역] 3d printer nozzle 0.4mm - 상품 2,3D_PRINTER,25.57,0.00,8,"Type A, Type B",1,4.6,Great Parts Store,4.8,0,5,"Material: Metal, Size: 1/4 to 3/8, Keyword Intent: REPLACEMENT",,3d printer nozzle 0.4mm,2026-04-26T10:13:15.954Z,SUCCESS,,"{""keyword"":""3d printer nozzle 0.4mm"",""category_group"":""3D_PRINTER"",""allowed_category"":""NOZZLE"",""priority"":1,""search_intent"":""REPLACEMENT"",""expected_buyer"":""MAKER"",""cs_risk_level"":""LOW"",""memo"":""Consumable part"",""active"":true}",FAST
RAW_3d_printer_nozzle_0.4mm_3_996pe,Taobao,https://item.taobao.com/item.htm?id=RAW_3d_printer_nozzle_0.4mm_3_996pe,3d printer nozzle 0.4mm - Item 3,[자동번역] 3d printer nozzle 0.4mm - 상품 3,3D_PRINTER,105.80,0.00,8,"1/4, 3/8, Universal",451,4.4,Great Parts Store,4.8,100+,5,"Material: Metal, Size: 1/4 to 3/8, Keyword Intent: REPLACEMENT",1x Screw Adapter,3d printer nozzle 0.4mm,2026-04-26T10:13:15.954Z,SUCCESS,,"{""keyword"":""3d printer nozzle 0.4mm"",""category_group"":""3D_PRINTER"",""allowed_category"":""NOZZLE"",""priority"":1,""search_intent"":""REPLACEMENT"",""expected_buyer"":""MAKER"",""cs_risk_level"":""LOW"",""memo"":""Consumable part"",""active"":true}",NORMAL
RAW_3d_printer_nozzle_0.4mm_4_y8qsf,Taobao,https://item.taobao.com/item.htm?id=RAW_3d_printer_nozzle_0.4mm_4_y8qsf,3d printer nozzle 0.4mm - Item 4,[자동번역] 3d printer nozzle 0.4mm - 상품 4,3D_PRINTER,57.12,0.00,5,"Type A, Type B",393,4.6,Great Parts Store,4.8,100+,5,"Material: Metal, Size: 1/4 to 3/8, Keyword Intent: REPLACEMENT",1x Screw Adapter,3d printer nozzle 0.4mm,2026-04-26T10:13:15.954Z,SUCCESS,,"{""keyword"":""3d printer nozzle 0.4mm"",""category_group"":""3D_PRINTER"",""allowed_category"":""NOZZLE"",""priority"":1,""search_intent"":""REPLACEMENT"",""expected_buyer"":""MAKER"",""cs_risk_level"":""LOW"",""memo"":""Consumable part"",""active"":true}",NORMAL
RAW_3d_printer_nozzle_0.4mm_5_29akn,Taobao,https://item.taobao.com/item.htm?id=RAW_3d_printer_nozzle_0.4mm_5_29akn,3d printer nozzle 0.4mm - Item 5,[자동번역] 3d printer nozzle 0.4mm - 상품 5,3D_PRINTER,69.51,0.00,7,"Type A, Type B",482,4.8,Great Parts Store,4.8,100+,5,"Material: Metal, Size: 1/4 to 3/8, Keyword Intent: REPLACEMENT",1x Screw Adapter,3d printer nozzle 0.4mm,2026-04-26T10:13:15.954Z,SUCCESS,,"{""keyword"":""3d printer nozzle 0.4mm"",""category_group"":""3D_PRINTER"",""allowed_category"":""NOZZLE"",""priority"":1,""search_intent"":""REPLACEMENT"",""expected_buyer"":""MAKER"",""cs_risk_level"":""LOW"",""memo"":""Consumable part"",""active"":true}",NORMAL
RAW_3d_printer_nozzle_0.4mm_6_kdmzw,Taobao,https://item.taobao.com/item.htm?id=RAW_3d_printer_nozzle_0.4mm_6_kdmzw,3d printer nozzle 0.4mm - Item 6,[자동번역] 3d printer nozzle 0.4mm - 상품 6,3D_PRINTER,80.03,0.00,8,"1/4, 3/8, Universal",397,4.9,Great Parts Store,4.8,100+,5,Size: Standard,,3d printer nozzle 0.4mm,2026-04-26T10:13:15.954Z,SUCCESS,,"{""keyword"":""3d printer nozzle 0.4mm"",""category_group"":""3D_PRINTER"",""allowed_category"":""NOZZLE"",""priority"":1,""search_intent"":""REPLACEMENT"",""expected_buyer"":""MAKER"",""cs_risk_level"":""LOW"",""memo"":""Consumable part"",""active"":true}",NORMAL
RAW_3d_printer_nozzle_0.4mm_7_dwd6l,Taobao,https://item.taobao.com/item.htm?id=RAW_3d_printer_nozzle_0.4mm_7_dwd6l,3d printer nozzle 0.4mm - Item 7,[자동번역] 3d printer nozzle 0.4mm - 상품 7,3D_PRINTER,98.22,0.00,4,"Type A, Type B",360,4.6,Great Parts Store,4.8,0,5,Size: Standard,,3d printer nozzle 0.4mm,2026-04-26T10:13:15.954Z,SUCCESS,,"{""keyword"":""3d printer nozzle 0.4mm"",""category_group"":""3D_PRINTER"",""allowed_category"":""NOZZLE"",""priority"":1,""search_intent"":""REPLACEMENT"",""expected_buyer"":""MAKER"",""cs_risk_level"":""LOW"",""memo"":""Consumable part"",""active"":true}",NORMAL
RAW_3d_printer_nozzle_0.4mm_8_4xgii,Taobao,https://item.taobao.com/item.htm?id=RAW_3d_printer_nozzle_0.4mm_8_4xgii,3d printer nozzle 0.4mm - Item 8,[자동번역] 3d printer nozzle 0.4mm - 상품 8,3D_PRINTER,81.98,0.00,7,"Type A, Type B",296,4.3,Great Parts Store,4.8,0,5,"Material: Metal, Size: 1/4 to 3/8, Keyword Intent: REPLACEMENT",1x Screw Adapter,3d printer nozzle 0.4mm,2026-04-26T10:13:15.954Z,SUCCESS,,"{""keyword"":""3d printer nozzle 0.4mm"",""category_group"":""3D_PRINTER"",""allowed_category"":""NOZZLE"",""priority"":1,""search_intent"":""REPLACEMENT"",""expected_buyer"":""MAKER"",""cs_risk_level"":""LOW"",""memo"":""Consumable part"",""active"":true}",NORMAL
RAW_3d_printer_nozzle_0.4mm_9_h88it,Taobao,https://item.taobao.com/item.htm?id=RAW_3d_printer_nozzle_0.4mm_9_h88it,3d printer nozzle 0.4mm - Item 9,[자동번역] 3d printer nozzle 0.4mm - 상품 9,3D_PRINTER,18.96,0.00,9,"1/4, 3/8, Universal",0,4.8,Great Parts Store,4.8,100+,5,"Material: Metal, Size: 1/4 to 3/8, Keyword Intent: REPLACEMENT",1x Screw Adapter,3d printer nozzle 0.4mm,2026-04-26T10:13:15.954Z,SUCCESS,,"{""keyword"":""3d printer nozzle 0.4mm"",""category_group"":""3D_PRINTER"",""allowed_category"":""NOZZLE"",""priority"":1,""search_intent"":""REPLACEMENT"",""expected_buyer"":""MAKER"",""cs_risk_level"":""LOW"",""memo"":""Consumable part"",""active"":true}",NORMAL
RAW_3d_printer_nozzle_0.4mm_10_2y4fx,Taobao,https://item.taobao.com/item.htm?id=RAW_3d_printer_nozzle_0.4mm_10_2y4fx,3d printer nozzle 0.4mm - Item 10,[자동번역] 3d printer nozzle 0.4mm - 상품 10,3D_PRINTER,67.40,0.00,1,"Type A, Type B",28,4.1,Great Parts Store,4.8,100+,5,Size: Standard,1x Screw Adapter,3d printer nozzle 0.4mm,2026-04-26T10:13:15.954Z,SUCCESS,,"{""keyword"":""3d printer nozzle 0.4mm"",""category_group"":""3D_PRINTER"",""allowed_category"":""NOZZLE"",""priority"":1,""search_intent"":""REPLACEMENT"",""expected_buyer"":""MAKER"",""cs_risk_level"":""LOW"",""memo"":""Consumable part"",""active"":true}",FAST
RAW_3d_printer_nozzle_0.4mm_11_5a3o1,Taobao,https://item.taobao.com/item.htm?id=RAW_3d_printer_nozzle_0.4mm_11_5a3o1,3d printer nozzle 0.4mm - Item 11,[자동번역] 3d printer nozzle 0.4mm - 상품 11,3D_PRINTER,56.35,0.00,7,"Type A, Type B",1,4.5,Great Parts Store,4.8,0,5,Size: Standard,1x Screw Adapter,3d printer nozzle 0.4mm,2026-04-26T10:13:15.954Z,SUCCESS,,"{""keyword"":""3d printer nozzle 0.4mm"",""category_group"":""3D_PRINTER"",""allowed_category"":""NOZZLE"",""priority"":1,""search_intent"":""REPLACEMENT"",""expected_buyer"":""MAKER"",""cs_risk_level"":""LOW"",""memo"":""Consumable part"",""active"":true}",NORMAL
RAW_3d_printer_nozzle_0.4mm_12_q74ms,Taobao,https://item.taobao.com/item.htm?id=RAW_3d_printer_nozzle_0.4mm_12_q74ms,3d printer nozzle 0.4mm - Item 12,[자동번역] 3d printer nozzle 0.4mm - 상품 12,3D_PRINTER,13.20,0.00,5,"1/4, 3/8, Universal",4,4.1,Great Parts Store,4.8,100+,5,"Material: Metal, Size: 1/4 to 3/8, Keyword Intent: REPLACEMENT",1x Screw Adapter,3d printer nozzle 0.4mm,2026-04-26T10:13:15.954Z,SUCCESS,,"{""keyword"":""3d printer nozzle 0.4mm"",""category_group"":""3D_PRINTER"",""allowed_category"":""NOZZLE"",""priority"":1,""search_intent"":""REPLACEMENT"",""expected_buyer"":""MAKER"",""cs_risk_level"":""LOW"",""memo"":""Consumable part"",""active"":true}",FAST
RAW_3d_printer_nozzle_0.4mm_13_pnk4o,Taobao,https://item.taobao.com/item.htm?id=RAW_3d_printer_nozzle_0.4mm_13_pnk4o,3d printer nozzle 0.4mm - Item 13,[자동번역] 3d printer nozzle 0.4mm - 상품 13,3D_PRINTER,23.96,0.00,7,"Type A, Type B",186,4.4,Great Parts Store,4.8,0,5,"Material: Metal, Size: 1/4 to 3/8, Keyword Intent: REPLACEMENT",1x Screw Adapter,3d printer nozzle 0.4mm,2026-04-26T10:13:15.954Z,SUCCESS,,"{""keyword"":""3d printer nozzle 0.4mm"",""category_group"":""3D_PRINTER"",""allowed_category"":""NOZZLE"",""priority"":1,""search_intent"":""REPLACEMENT"",""expected_buyer"":""MAKER"",""cs_risk_level"":""LOW"",""memo"":""Consumable part"",""active"":true}",NORMAL
RAW_cable_management_clip_0_g0ms8,Taobao,https://item.taobao.com/item.htm?id=RAW_cable_management_clip_0_g0ms8,cable management clip - Item 0,[자동번역] cable management clip - 상품 0,OFFICE,90.97,0.00,9,"1/4, 3/8, Universal",360,4.6,Great Parts Store,4.8,100+,5,"Material: Metal, Size: 1/4 to 3/8, Keyword Intent: PROBLEM_SOLVE",1x Screw Adapter,cable management clip,2026-04-26T10:13:15.954Z,SUCCESS,POTENTIAL_RISK_DETECTED,"{""keyword"":""cable management clip"",""category_group"":""OFFICE"",""allowed_category"":""CABLE_CLIP"",""priority"":2,""search_intent"":""PROBLEM_SOLVE"",""expected_buyer"":""OFFICE_WORKER"",""cs_risk_level"":""LOW"",""memo"":""Simple solve"",""active"":true}",FAST
RAW_cable_management_clip_1_9qrje,Taobao,https://item.taobao.com/item.htm?id=RAW_cable_management_clip_1_9qrje,cable management clip - Item 1,[자동번역] cable management clip - 상품 1,OFFICE,35.27,0.00,8,"Type A, Type B",1,4.9,Great Parts Store,4.8,0,5,Size: Standard,1x Screw Adapter,cable management clip,2026-04-26T10:13:15.954Z,SUCCESS,,"{""keyword"":""cable management clip"",""category_group"":""OFFICE"",""allowed_category"":""CABLE_CLIP"",""priority"":2,""search_intent"":""PROBLEM_SOLVE"",""expected_buyer"":""OFFICE_WORKER"",""cs_risk_level"":""LOW"",""memo"":""Simple solve"",""active"":true}",FAST
RAW_cable_management_clip_2_sm8bq,Taobao,https://item.taobao.com/item.htm?id=RAW_cable_management_clip_2_sm8bq,cable management clip - Item 2,[자동번역] cable management clip - 상품 2,OFFICE,32.92,0.00,10,"Type A, Type B",3,4.8,Great Parts Store,4.8,0,5,"Material: Metal, Size: 1/4 to 3/8, Keyword Intent: PROBLEM_SOLVE",,cable management clip,2026-04-26T10:13:15.954Z,SUCCESS,,"{""keyword"":""cable management clip"",""category_group"":""OFFICE"",""allowed_category"":""CABLE_CLIP"",""priority"":2,""search_intent"":""PROBLEM_SOLVE"",""expected_buyer"":""OFFICE_WORKER"",""cs_risk_level"":""LOW"",""memo"":""Simple solve"",""active"":true}",NORMAL
RAW_cable_management_clip_3_3ygrd,Taobao,https://item.taobao.com/item.htm?id=RAW_cable_management_clip_3_3ygrd,cable management clip - Item 3,[자동번역] cable management clip - 상품 3,OFFICE,90.57,0.00,4,"1/4, 3/8, Universal",237,4.6,Great Parts Store,4.8,0,5,"Material: Metal, Size: 1/4 to 3/8, Keyword Intent: PROBLEM_SOLVE",1x Screw Adapter,cable management clip,2026-04-26T10:13:15.954Z,SUCCESS,,"{""keyword"":""cable management clip"",""category_group"":""OFFICE"",""allowed_category"":""CABLE_CLIP"",""priority"":2,""search_intent"":""PROBLEM_SOLVE"",""expected_buyer"":""OFFICE_WORKER"",""cs_risk_level"":""LOW"",""memo"":""Simple solve"",""active"":true}",NORMAL
RAW_cable_management_clip_4_qjjx6,Taobao,https://item.taobao.com/item.htm?id=RAW_cable_management_clip_4_qjjx6,cable management clip - Item 4,[자동번역] cable management clip - 상품 4,OFFICE,81.50,0.00,1,"Type A, Type B",967,4.1,Great Parts Store,4.8,0,5,"Material: Metal, Size: 1/4 to 3/8, Keyword Intent: PROBLEM_SOLVE",1x Screw Adapter,cable management clip,2026-04-26T10:13:15.954Z,SUCCESS,,"{""keyword"":""cable management clip"",""category_group"":""OFFICE"",""allowed_category"":""CABLE_CLIP"",""priority"":2,""search_intent"":""PROBLEM_SOLVE"",""expected_buyer"":""OFFICE_WORKER"",""cs_risk_level"":""LOW"",""memo"":""Simple solve"",""active"":true}",FAST
RAW_cable_management_clip_5_th0qg,Taobao,https://item.taobao.com/item.htm?id=RAW_cable_management_clip_5_th0qg,cable management clip - Item 5,[자동번역] cable management clip - 상품 5,OFFICE,84.60,0.00,6,"Type A, Type B",1,4.9,Great Parts Store,4.8,100+,5,"Material: Metal, Size: 1/4 to 3/8, Keyword Intent: PROBLEM_SOLVE",1x Screw Adapter,cable management clip,2026-04-26T10:13:15.954Z,SUCCESS,,"{""keyword"":""cable management clip"",""category_group"":""OFFICE"",""allowed_category"":""CABLE_CLIP"",""priority"":2,""search_intent"":""PROBLEM_SOLVE"",""expected_buyer"":""OFFICE_WORKER"",""cs_risk_level"":""LOW"",""memo"":""Simple solve"",""active"":true}",NORMAL
RAW_cable_management_clip_6_1df4b,Taobao,https://item.taobao.com/item.htm?id=RAW_cable_management_clip_6_1df4b,cable management clip - Item 6,[자동번역] cable management clip - 상품 6,OFFICE,39.74,0.00,6,"1/4, 3/8, Universal",1,4.8,Great Parts Store,4.8,100+,5,"Material: Metal, Size: 1/4 to 3/8, Keyword Intent: PROBLEM_SOLVE",1x Screw Adapter,cable management clip,2026-04-26T10:13:15.954Z,SUCCESS,,"{""keyword"":""cable management clip"",""category_group"":""OFFICE"",""allowed_category"":""CABLE_CLIP"",""priority"":2,""search_intent"":""PROBLEM_SOLVE"",""expected_buyer"":""OFFICE_WORKER"",""cs_risk_level"":""LOW"",""memo"":""Simple solve"",""active"":true}",NORMAL
RAW_cable_management_clip_7_wc5k9,Taobao,https://item.taobao.com/item.htm?id=RAW_cable_management_clip_7_wc5k9,cable management clip - Item 7,[자동번역] cable management clip - 상품 7,OFFICE,50.35,0.00,4,"Type A, Type B",3,4.6,Great Parts Store,4.8,0,5,"Material: Metal, Size: 1/4 to 3/8, Keyword Intent: PROBLEM_SOLVE",1x Screw Adapter,cable management clip,2026-04-26T10:13:15.954Z,SUCCESS,,"{""keyword"":""cable management clip"",""category_group"":""OFFICE"",""allowed_category"":""CABLE_CLIP"",""priority"":2,""search_intent"":""PROBLEM_SOLVE"",""expected_buyer"":""OFFICE_WORKER"",""cs_risk_level"":""LOW"",""memo"":""Simple solve"",""active"":true}",FAST
RAW_cable_management_clip_8_7qd5u,Taobao,https://item.taobao.com/item.htm?id=RAW_cable_management_clip_8_7qd5u,cable management clip - Item 8,[자동번역] cable management clip - 상품 8,OFFICE,21.15,0.00,3,"Type A, Type B",945,4.9,Great Parts Store,4.8,100+,5,Size: Standard,1x Screw Adapter,cable management clip,2026-04-26T10:13:15.954Z,SUCCESS,,"{""keyword"":""cable management clip"",""category_group"":""OFFICE"",""allowed_category"":""CABLE_CLIP"",""priority"":2,""search_intent"":""PROBLEM_SOLVE"",""expected_buyer"":""OFFICE_WORKER"",""cs_risk_level"":""LOW"",""memo"":""Simple solve"",""active"":true}",NORMAL
RAW_cable_management_clip_9_97dtv,Taobao,https://item.taobao.com/item.htm?id=RAW_cable_management_clip_9_97dtv,cable management clip - Item 9,[자동번역] cable management clip - 상품 9,OFFICE,79.02,0.00,5,"1/4, 3/8, Universal",65,4.7,Great Parts Store,4.8,0,5,"Material: Metal, Size: 1/4 to 3/8, Keyword Intent: PROBLEM_SOLVE",1x Screw Adapter,cable management clip,2026-04-26T10:13:15.954Z,SUCCESS,,"{""keyword"":""cable management clip"",""category_group"":""OFFICE"",""allowed_category"":""CABLE_CLIP"",""priority"":2,""search_intent"":""PROBLEM_SOLVE"",""expected_buyer"":""OFFICE_WORKER"",""cs_risk_level"":""LOW"",""memo"":""Simple solve"",""active"":true}",NORMAL
RAW_cable_management_clip_10_rn16j,Taobao,https://item.taobao.com/item.htm?id=RAW_cable_management_clip_10_rn16j,cable management clip - Item 10,[자동번역] cable management clip - 상품 10,OFFICE,60.17,0.00,3,"Type A, Type B",811,4.8,Great Parts Store,4.8,100+,5,"Material: Metal, Size: 1/4 to 3/8, Keyword Intent: PROBLEM_SOLVE",,cable management clip,2026-04-26T10:13:15.954Z,SUCCESS,,"{""keyword"":""cable management clip"",""category_group"":""OFFICE"",""allowed_category"":""CABLE_CLIP"",""priority"":2,""search_intent"":""PROBLEM_SOLVE"",""expected_buyer"":""OFFICE_WORKER"",""cs_risk_level"":""LOW"",""memo"":""Simple solve"",""active"":true}",NORMAL
RAW_cable_management_clip_11_smwov,Taobao,https://item.taobao.com/item.htm?id=RAW_cable_management_clip_11_smwov,cable management clip - Item 11,[자동번역] cable management clip - 상품 11,OFFICE,82.01,0.00,1,"Type A, Type B",916,4.1,Great Parts Store,4.8,0,5,"Material: Metal, Size: 1/4 to 3/8, Keyword Intent: PROBLEM_SOLVE",1x Screw Adapter,cable management clip,2026-04-26T10:13:15.954Z,SUCCESS,,"{""keyword"":""cable management clip"",""category_group"":""OFFICE"",""allowed_category"":""CABLE_CLIP"",""priority"":2,""search_intent"":""PROBLEM_SOLVE"",""expected_buyer"":""OFFICE_WORKER"",""cs_risk_level"":""LOW"",""memo"":""Simple solve"",""active"":true}",FAST
RAW_cable_management_clip_12_m53j8,Taobao,https://item.taobao.com/item.htm?id=RAW_cable_management_clip_12_m53j8,cable management clip - Item 12,[자동번역] cable management clip - 상품 12,OFFICE,80.31,0.00,8,"1/4, 3/8, Universal",3,4.9,Great Parts Store,4.8,0,5,"Material: Metal, Size: 1/4 to 3/8, Keyword Intent: PROBLEM_SOLVE",1x Screw Adapter,cable management clip,2026-04-26T10:13:15.954Z,SUCCESS,,"{""keyword"":""cable management clip"",""category_group"":""OFFICE"",""allowed_category"":""CABLE_CLIP"",""priority"":2,""search_intent"":""PROBLEM_SOLVE"",""expected_buyer"":""OFFICE_WORKER"",""cs_risk_level"":""LOW"",""memo"":""Simple solve"",""active"":true}",NORMAL
RAW_cable_management_clip_13_1ul3n,Taobao,https://item.taobao.com/item.htm?id=RAW_cable_management_clip_13_1ul3n,cable management clip - Item 13,[자동번역] cable management clip - 상품 13,OFFICE,52.04,0.00,3,"Type A, Type B",4,4.6,Great Parts Store,4.8,0,5,"Material: Metal, Size: 1/4 to 3/8, Keyword Intent: PROBLEM_SOLVE",1x Screw Adapter,cable management clip,2026-04-26T10:13:15.954Z,SUCCESS,,"{""keyword"":""cable management clip"",""category_group"":""OFFICE"",""allowed_category"":""CABLE_CLIP"",""priority"":2,""search_intent"":""PROBLEM_SOLVE"",""expected_buyer"":""OFFICE_WORKER"",""cs_risk_level"":""LOW"",""memo"":""Simple solve"",""active"":true}",FAST
RAW_cable_management_clip_14_65f5t,Taobao,https://item.taobao.com/item.htm?id=RAW_cable_management_clip_14_65f5t,cable management clip - Item 14,[자동번역] cable management clip - 상품 14,OFFICE,59.82,0.00,9,"Type A, Type B",124,4.5,Great Parts Store,4.8,0,5,"Material: Metal, Size: 1/4 to 3/8, Keyword Intent: PROBLEM_SOLVE",1x Screw Adapter,cable management clip,2026-04-26T10:13:15.954Z,SUCCESS,,"{""keyword"":""cable management clip"",""category_group"":""OFFICE"",""allowed_category"":""CABLE_CLIP"",""priority"":2,""search_intent"":""PROBLEM_SOLVE"",""expected_buyer"":""OFFICE_WORKER"",""cs_risk_level"":""LOW"",""memo"":""Simple solve"",""active"":true}",NORMAL
RAW_cable_management_clip_15_8svob,Taobao,https://item.taobao.com/item.htm?id=RAW_cable_management_clip_15_8svob,cable management clip - Item 15,[자동번역] cable management clip - 상품 15,OFFICE,33.65,0.00,3,"1/4, 3/8, Universal",734,4.2,Great Parts Store,4.8,0,5,"Material: Metal, Size: 1/4 to 3/8, Keyword Intent: PROBLEM_SOLVE",,cable management clip,2026-04-26T10:13:15.954Z,SUCCESS,POTENTIAL_RISK_DETECTED,"{""keyword"":""cable management clip"",""category_group"":""OFFICE"",""allowed_category"":""CABLE_CLIP"",""priority"":2,""search_intent"":""PROBLEM_SOLVE"",""expected_buyer"":""OFFICE_WORKER"",""cs_risk_level"":""LOW"",""memo"":""Simple solve"",""active"":true}",NORMAL
RAW_cable_management_clip_16_didjy,Taobao,https://item.taobao.com/item.htm?id=RAW_cable_management_clip_16_didjy,cable management clip - Item 16,[자동번역] cable management clip - 상품 16,OFFICE,10.16,0.00,5,"Type A, Type B",2,4.8,Great Parts Store,4.8,0,5,"Material: Metal, Size: 1/4 to 3/8, Keyword Intent: PROBLEM_SOLVE",1x Screw Adapter,cable management clip,2026-04-26T10:13:15.954Z,SUCCESS,,"{""keyword"":""cable management clip"",""category_group"":""OFFICE"",""allowed_category"":""CABLE_CLIP"",""priority"":2,""search_intent"":""PROBLEM_SOLVE"",""expected_buyer"":""OFFICE_WORKER"",""cs_risk_level"":""LOW"",""memo"":""Simple solve"",""active"":true}",FAST
RAW_rubber_bumper_pad_0_0yfdf,Taobao,https://item.taobao.com/item.htm?id=RAW_rubber_bumper_pad_0_0yfdf,rubber bumper pad - Item 0,[자동번역] rubber bumper pad - 상품 0,HARDWARE,82.83,0.00,10,"1/4, 3/8, Universal",899,4.8,Great Parts Store,4.8,0,5,"Material: Metal, Size: 1/4 to 3/8, Keyword Intent: PROBLEM_SOLVE",1x Screw Adapter,rubber bumper pad,2026-04-26T10:13:15.954Z,SUCCESS,POTENTIAL_RISK_DETECTED,"{""keyword"":""rubber bumper pad"",""category_group"":""HARDWARE"",""allowed_category"":""PAD"",""priority"":2,""search_intent"":""PROBLEM_SOLVE"",""expected_buyer"":""DIYER"",""cs_risk_level"":""LOW"",""memo"":""Simple solve"",""active"":true}",NORMAL
RAW_rubber_bumper_pad_1_3yvoy,Taobao,https://item.taobao.com/item.htm?id=RAW_rubber_bumper_pad_1_3yvoy,rubber bumper pad - Item 1,[자동번역] rubber bumper pad - 상품 1,HARDWARE,62.19,0.00,9,"Type A, Type B",832,4.4,Great Parts Store,4.8,100+,5,"Material: Metal, Size: 1/4 to 3/8, Keyword Intent: PROBLEM_SOLVE",1x Screw Adapter,rubber bumper pad,2026-04-26T10:13:15.954Z,SUCCESS,,"{""keyword"":""rubber bumper pad"",""category_group"":""HARDWARE"",""allowed_category"":""PAD"",""priority"":2,""search_intent"":""PROBLEM_SOLVE"",""expected_buyer"":""DIYER"",""cs_risk_level"":""LOW"",""memo"":""Simple solve"",""active"":true}",FAST
RAW_rubber_bumper_pad_2_t0m8m,Taobao,https://item.taobao.com/item.htm?id=RAW_rubber_bumper_pad_2_t0m8m,rubber bumper pad - Item 2,[자동번역] rubber bumper pad - 상품 2,HARDWARE,99.04,0.00,9,"Type A, Type B",208,4.2,Great Parts Store,4.8,100+,5,"Material: Metal, Size: 1/4 to 3/8, Keyword Intent: PROBLEM_SOLVE",1x Screw Adapter,rubber bumper pad,2026-04-26T10:13:15.954Z,SUCCESS,,"{""keyword"":""rubber bumper pad"",""category_group"":""HARDWARE"",""allowed_category"":""PAD"",""priority"":2,""search_intent"":""PROBLEM_SOLVE"",""expected_buyer"":""DIYER"",""cs_risk_level"":""LOW"",""memo"":""Simple solve"",""active"":true}",NORMAL
RAW_rubber_bumper_pad_3_63mcb,Taobao,https://item.taobao.com/item.htm?id=RAW_rubber_bumper_pad_3_63mcb,rubber bumper pad - Item 3,[자동번역] rubber bumper pad - 상품 3,HARDWARE,44.76,0.00,10,"1/4, 3/8, Universal",356,5.0,Great Parts Store,4.8,100+,5,Size: Standard,1x Screw Adapter,rubber bumper pad,2026-04-26T10:13:15.954Z,SUCCESS,,"{""keyword"":""rubber bumper pad"",""category_group"":""HARDWARE"",""allowed_category"":""PAD"",""priority"":2,""search_intent"":""PROBLEM_SOLVE"",""expected_buyer"":""DIYER"",""cs_risk_level"":""LOW"",""memo"":""Simple solve"",""active"":true}",FAST
RAW_rubber_bumper_pad_4_tgcl4,Taobao,https://item.taobao.com/item.htm?id=RAW_rubber_bumper_pad_4_tgcl4,rubber bumper pad - Item 4,[자동번역] rubber bumper pad - 상품 4,HARDWARE,14.13,0.00,8,"Type A, Type B",650,4.4,Great Parts Store,4.8,0,5,"Material: Metal, Size: 1/4 to 3/8, Keyword Intent: PROBLEM_SOLVE",1x Screw Adapter,rubber bumper pad,2026-04-26T10:13:15.954Z,SUCCESS,,"{""keyword"":""rubber bumper pad"",""category_group"":""HARDWARE"",""allowed_category"":""PAD"",""priority"":2,""search_intent"":""PROBLEM_SOLVE"",""expected_buyer"":""DIYER"",""cs_risk_level"":""LOW"",""memo"":""Simple solve"",""active"":true}",NORMAL
RAW_rubber_bumper_pad_5_6shyo,Taobao,https://item.taobao.com/item.htm?id=RAW_rubber_bumper_pad_5_6shyo,rubber bumper pad - Item 5,[자동번역] rubber bumper pad - 상품 5,HARDWARE,28.96,0.00,6,"Type A, Type B",639,4.7,Great Parts Store,4.8,100+,5,"Material: Metal, Size: 1/4 to 3/8, Keyword Intent: PROBLEM_SOLVE",,rubber bumper pad,2026-04-26T10:13:15.954Z,SUCCESS,,"{""keyword"":""rubber bumper pad"",""category_group"":""HARDWARE"",""allowed_category"":""PAD"",""priority"":2,""search_intent"":""PROBLEM_SOLVE"",""expected_buyer"":""DIYER"",""cs_risk_level"":""LOW"",""memo"":""Simple solve"",""active"":true}",NORMAL
RAW_rubber_bumper_pad_6_rgkhk,Taobao,https://item.taobao.com/item.htm?id=RAW_rubber_bumper_pad_6_rgkhk,rubber bumper pad - Item 6,[자동번역] rubber bumper pad - 상품 6,HARDWARE,28.17,0.00,1,"1/4, 3/8, Universal",256,5.0,Great Parts Store,4.8,100+,5,"Material: Metal, Size: 1/4 to 3/8, Keyword Intent: PROBLEM_SOLVE",1x Screw Adapter,rubber bumper pad,2026-04-26T10:13:15.954Z,SUCCESS,,"{""keyword"":""rubber bumper pad"",""category_group"":""HARDWARE"",""allowed_category"":""PAD"",""priority"":2,""search_intent"":""PROBLEM_SOLVE"",""expected_buyer"":""DIYER"",""cs_risk_level"":""LOW"",""memo"":""Simple solve"",""active"":true}",FAST
RAW_rubber_bumper_pad_7_pdp6k,Taobao,https://item.taobao.com/item.htm?id=RAW_rubber_bumper_pad_7_pdp6k,rubber bumper pad - Item 7,[자동번역] rubber bumper pad - 상품 7,HARDWARE,74.33,0.00,8,"Type A, Type B",0,4.9,Great Parts Store,4.8,100+,5,Size: Standard,,rubber bumper pad,2026-04-26T10:13:15.954Z,SUCCESS,,"{""keyword"":""rubber bumper pad"",""category_group"":""HARDWARE"",""allowed_category"":""PAD"",""priority"":2,""search_intent"":""PROBLEM_SOLVE"",""expected_buyer"":""DIYER"",""cs_risk_level"":""LOW"",""memo"":""Simple solve"",""active"":true}",NORMAL
RAW_rubber_bumper_pad_8_n5dyr,Taobao,https://item.taobao.com/item.htm?id=RAW_rubber_bumper_pad_8_n5dyr,rubber bumper pad - Item 8,[자동번역] rubber bumper pad - 상품 8,HARDWARE,100.32,0.00,10,"Type A, Type B",969,4.3,Great Parts Store,4.8,0,5,"Material: Metal, Size: 1/4 to 3/8, Keyword Intent: PROBLEM_SOLVE",1x Screw Adapter,rubber bumper pad,2026-04-26T10:13:15.954Z,SUCCESS,,"{""keyword"":""rubber bumper pad"",""category_group"":""HARDWARE"",""allowed_category"":""PAD"",""priority"":2,""search_intent"":""PROBLEM_SOLVE"",""expected_buyer"":""DIYER"",""cs_risk_level"":""LOW"",""memo"":""Simple solve"",""active"":true}",FAST
RAW_rubber_bumper_pad_9_8h3ud,Taobao,https://item.taobao.com/item.htm?id=RAW_rubber_bumper_pad_9_8h3ud,rubber bumper pad - Item 9,[자동번역] rubber bumper pad - 상품 9,HARDWARE,15.34,0.00,4,"1/4, 3/8, Universal",4,4.4,Great Parts Store,4.8,0,5,"Material: Metal, Size: 1/4 to 3/8, Keyword Intent: PROBLEM_SOLVE",1x Screw Adapter,rubber bumper pad,2026-04-26T10:13:15.954Z,SUCCESS,,"{""keyword"":""rubber bumper pad"",""category_group"":""HARDWARE"",""allowed_category"":""PAD"",""priority"":2,""search_intent"":""PROBLEM_SOLVE"",""expected_buyer"":""DIYER"",""cs_risk_level"":""LOW"",""memo"":""Simple solve"",""active"":true}",NORMAL
RAW_rubber_bumper_pad_10_3o81q,Taobao,https://item.taobao.com/item.htm?id=RAW_rubber_bumper_pad_10_3o81q,rubber bumper pad - Item 10,[자동번역] rubber bumper pad - 상품 10,HARDWARE,19.48,0.00,6,"Type A, Type B",4,4.5,Great Parts Store,4.8,0,5,Size: Standard,1x Screw Adapter,rubber bumper pad,2026-04-26T10:13:15.954Z,SUCCESS,,"{""keyword"":""rubber bumper pad"",""category_group"":""HARDWARE"",""allowed_category"":""PAD"",""priority"":2,""search_intent"":""PROBLEM_SOLVE"",""expected_buyer"":""DIYER"",""cs_risk_level"":""LOW"",""memo"":""Simple solve"",""active"":true}",FAST
RAW_rubber_bumper_pad_11_cby7u,Taobao,https://item.taobao.com/item.htm?id=RAW_rubber_bumper_pad_11_cby7u,rubber bumper pad - Item 11,[자동번역] rubber bumper pad - 상품 11,HARDWARE,51.35,0.00,7,"Type A, Type B",499,4.0,Great Parts Store,4.8,0,5,"Material: Metal, Size: 1/4 to 3/8, Keyword Intent: PROBLEM_SOLVE",1x Screw Adapter,rubber bumper pad,2026-04-26T10:13:15.954Z,SUCCESS,,"{""keyword"":""rubber bumper pad"",""category_group"":""HARDWARE"",""allowed_category"":""PAD"",""priority"":2,""search_intent"":""PROBLEM_SOLVE"",""expected_buyer"":""DIYER"",""cs_risk_level"":""LOW"",""memo"":""Simple solve"",""active"":true}",FAST
RAW_rubber_bumper_pad_12_3calw,Taobao,https://item.taobao.com/item.htm?id=RAW_rubber_bumper_pad_12_3calw,rubber bumper pad - Item 12,[자동번역] rubber bumper pad - 상품 12,HARDWARE,42.65,0.00,2,"1/4, 3/8, Universal",264,4.3,Great Parts Store,4.8,100+,5,Size: Standard,1x Screw Adapter,rubber bumper pad,2026-04-26T10:13:15.954Z,SUCCESS,,"{""keyword"":""rubber bumper pad"",""category_group"":""HARDWARE"",""allowed_category"":""PAD"",""priority"":2,""search_intent"":""PROBLEM_SOLVE"",""expected_buyer"":""DIYER"",""cs_risk_level"":""LOW"",""memo"":""Simple solve"",""active"":true}",FAST
RAW_rubber_bumper_pad_13_lwm4r,Taobao,https://item.taobao.com/item.htm?id=RAW_rubber_bumper_pad_13_lwm4r,rubber bumper pad - Item 13,[자동번역] rubber bumper pad - 상품 13,HARDWARE,61.85,0.00,4,"Type A, Type B",310,4.5,Great Parts Store,4.8,100+,5,Size: Standard,1x Screw Adapter,rubber bumper pad,2026-04-26T10:13:15.954Z,SUCCESS,,"{""keyword"":""rubber bumper pad"",""category_group"":""HARDWARE"",""allowed_category"":""PAD"",""priority"":2,""search_intent"":""PROBLEM_SOLVE"",""expected_buyer"":""DIYER"",""cs_risk_level"":""LOW"",""memo"":""Simple solve"",""active"":true}",NORMAL
RAW_rubber_bumper_pad_14_wan67,Taobao,https://item.taobao.com/item.htm?id=RAW_rubber_bumper_pad_14_wan67,rubber bumper pad - Item 14,[자동번역] rubber bumper pad - 상품 14,HARDWARE,15.64,0.00,7,"Type A, Type B",69,4.2,Great Parts Store,4.8,100+,5,Size: Standard,1x Screw Adapter,rubber bumper pad,2026-04-26T10:13:15.954Z,SUCCESS,,"{""keyword"":""rubber bumper pad"",""category_group"":""HARDWARE"",""allowed_category"":""PAD"",""priority"":2,""search_intent"":""PROBLEM_SOLVE"",""expected_buyer"":""DIYER"",""cs_risk_level"":""LOW"",""memo"":""Simple solve"",""active"":true}",NORMAL
RAW_bicycle_valve_adapter_0_wyax2,Taobao,https://item.taobao.com/item.htm?id=RAW_bicycle_valve_adapter_0_wyax2,bicycle valve adapter - Item 0,[자동번역] bicycle valve adapter - 상품 0,BICYCLE,34.74,0.00,6,"1/4, 3/8, Universal",279,4.8,Great Parts Store,4.8,100+,5,Size: Standard,1x Screw Adapter,bicycle valve adapter,2026-04-26T10:13:15.954Z,SUCCESS,POTENTIAL_RISK_DETECTED,"{""keyword"":""bicycle valve adapter"",""category_group"":""BICYCLE"",""allowed_category"":""VALVE_ADAPTER"",""priority"":2,""search_intent"":""SPEC_MATCH"",""expected_buyer"":""CYCLIST"",""cs_risk_level"":""LOW"",""memo"":""Clear spec search"",""active"":true}",NORMAL
RAW_bicycle_valve_adapter_1_9l87b,Taobao,https://item.taobao.com/item.htm?id=RAW_bicycle_valve_adapter_1_9l87b,bicycle valve adapter - Item 1,[자동번역] bicycle valve adapter - 상품 1,BICYCLE,99.61,0.00,3,"Type A, Type B",0,4.2,Great Parts Store,4.8,100+,5,"Material: Metal, Size: 1/4 to 3/8, Keyword Intent: SPEC_MATCH",1x Screw Adapter,bicycle valve adapter,2026-04-26T10:13:15.954Z,SUCCESS,,"{""keyword"":""bicycle valve adapter"",""category_group"":""BICYCLE"",""allowed_category"":""VALVE_ADAPTER"",""priority"":2,""search_intent"":""SPEC_MATCH"",""expected_buyer"":""CYCLIST"",""cs_risk_level"":""LOW"",""memo"":""Clear spec search"",""active"":true}",FAST
RAW_bicycle_valve_adapter_2_ekte3,Taobao,https://item.taobao.com/item.htm?id=RAW_bicycle_valve_adapter_2_ekte3,bicycle valve adapter - Item 2,[자동번역] bicycle valve adapter - 상품 2,BICYCLE,15.05,0.00,7,"Type A, Type B",994,4.7,Great Parts Store,4.8,100+,5,"Material: Metal, Size: 1/4 to 3/8, Keyword Intent: SPEC_MATCH",1x Screw Adapter,bicycle valve adapter,2026-04-26T10:13:15.954Z,SUCCESS,,"{""keyword"":""bicycle valve adapter"",""category_group"":""BICYCLE"",""allowed_category"":""VALVE_ADAPTER"",""priority"":2,""search_intent"":""SPEC_MATCH"",""expected_buyer"":""CYCLIST"",""cs_risk_level"":""LOW"",""memo"":""Clear spec search"",""active"":true}",NORMAL
RAW_bicycle_valve_adapter_3_gd7pw,Taobao,https://item.taobao.com/item.htm?id=RAW_bicycle_valve_adapter_3_gd7pw,bicycle valve adapter - Item 3,[자동번역] bicycle valve adapter - 상품 3,BICYCLE,18.92,0.00,1,"1/4, 3/8, Universal",865,4.6,Great Parts Store,4.8,0,5,"Material: Metal, Size: 1/4 to 3/8, Keyword Intent: SPEC_MATCH",1x Screw Adapter,bicycle valve adapter,2026-04-26T10:13:15.954Z,SUCCESS,,"{""keyword"":""bicycle valve adapter"",""category_group"":""BICYCLE"",""allowed_category"":""VALVE_ADAPTER"",""priority"":2,""search_intent"":""SPEC_MATCH"",""expected_buyer"":""CYCLIST"",""cs_risk_level"":""LOW"",""memo"":""Clear spec search"",""active"":true}",FAST
RAW_bicycle_valve_adapter_4_jo3mv,Taobao,https://item.taobao.com/item.htm?id=RAW_bicycle_valve_adapter_4_jo3mv,bicycle valve adapter - Item 4,[자동번역] bicycle valve adapter - 상품 4,BICYCLE,11.79,0.00,8,"Type A, Type B",27,4.5,Great Parts Store,4.8,0,5,"Material: Metal, Size: 1/4 to 3/8, Keyword Intent: SPEC_MATCH",1x Screw Adapter,bicycle valve adapter,2026-04-26T10:13:15.954Z,SUCCESS,,"{""keyword"":""bicycle valve adapter"",""category_group"":""BICYCLE"",""allowed_category"":""VALVE_ADAPTER"",""priority"":2,""search_intent"":""SPEC_MATCH"",""expected_buyer"":""CYCLIST"",""cs_risk_level"":""LOW"",""memo"":""Clear spec search"",""active"":true}",NORMAL
RAW_bicycle_valve_adapter_5_vo7py,Taobao,https://item.taobao.com/item.htm?id=RAW_bicycle_valve_adapter_5_vo7py,bicycle valve adapter - Item 5,[자동번역] bicycle valve adapter - 상품 5,BICYCLE,100.78,0.00,5,"Type A, Type B",795,4.1,Great Parts Store,4.8,100+,5,Size: Standard,,bicycle valve adapter,2026-04-26T10:13:15.954Z,SUCCESS,,"{""keyword"":""bicycle valve adapter"",""category_group"":""BICYCLE"",""allowed_category"":""VALVE_ADAPTER"",""priority"":2,""search_intent"":""SPEC_MATCH"",""expected_buyer"":""CYCLIST"",""cs_risk_level"":""LOW"",""memo"":""Clear spec search"",""active"":true}",FAST
RAW_bicycle_valve_adapter_6_5ha1y,Taobao,https://item.taobao.com/item.htm?id=RAW_bicycle_valve_adapter_6_5ha1y,bicycle valve adapter - Item 6,[자동번역] bicycle valve adapter - 상품 6,BICYCLE,30.89,0.00,7,"1/4, 3/8, Universal",0,4.0,Great Parts Store,4.8,100+,5,Size: Standard,1x Screw Adapter,bicycle valve adapter,2026-04-26T10:13:15.954Z,SUCCESS,,"{""keyword"":""bicycle valve adapter"",""category_group"":""BICYCLE"",""allowed_category"":""VALVE_ADAPTER"",""priority"":2,""search_intent"":""SPEC_MATCH"",""expected_buyer"":""CYCLIST"",""cs_risk_level"":""LOW"",""memo"":""Clear spec search"",""active"":true}",FAST
RAW_bicycle_valve_adapter_7_03q3e,Taobao,https://item.taobao.com/item.htm?id=RAW_bicycle_valve_adapter_7_03q3e,bicycle valve adapter - Item 7,[자동번역] bicycle valve adapter - 상품 7,BICYCLE,106.57,0.00,9,"Type A, Type B",2,4.1,Great Parts Store,4.8,0,5,Size: Standard,,bicycle valve adapter,2026-04-26T10:13:15.954Z,SUCCESS,,"{""keyword"":""bicycle valve adapter"",""category_group"":""BICYCLE"",""allowed_category"":""VALVE_ADAPTER"",""priority"":2,""search_intent"":""SPEC_MATCH"",""expected_buyer"":""CYCLIST"",""cs_risk_level"":""LOW"",""memo"":""Clear spec search"",""active"":true}",FAST
RAW_bicycle_valve_adapter_8_bxteb,Taobao,https://item.taobao.com/item.htm?id=RAW_bicycle_valve_adapter_8_bxteb,bicycle valve adapter - Item 8,[자동번역] bicycle valve adapter - 상품 8,BICYCLE,37.24,0.00,8,"Type A, Type B",789,4.6,Great Parts Store,4.8,0,5,Size: Standard,1x Screw Adapter,bicycle valve adapter,2026-04-26T10:13:15.954Z,SUCCESS,,"{""keyword"":""bicycle valve adapter"",""category_group"":""BICYCLE"",""allowed_category"":""VALVE_ADAPTER"",""priority"":2,""search_intent"":""SPEC_MATCH"",""expected_buyer"":""CYCLIST"",""cs_risk_level"":""LOW"",""memo"":""Clear spec search"",""active"":true}",FAST
RAW_bicycle_valve_adapter_9_frtvt,Taobao,https://item.taobao.com/item.htm?id=RAW_bicycle_valve_adapter_9_frtvt,bicycle valve adapter - Item 9,[자동번역] bicycle valve adapter - 상품 9,BICYCLE,42.40,0.00,4,"1/4, 3/8, Universal",3,4.9,Great Parts Store,4.8,0,5,Size: Standard,1x Screw Adapter,bicycle valve adapter,2026-04-26T10:13:15.954Z,SUCCESS,,"{""keyword"":""bicycle valve adapter"",""category_group"":""BICYCLE"",""allowed_category"":""VALVE_ADAPTER"",""priority"":2,""search_intent"":""SPEC_MATCH"",""expected_buyer"":""CYCLIST"",""cs_risk_level"":""LOW"",""memo"":""Clear spec search"",""active"":true}",NORMAL
RAW_bicycle_valve_adapter_10_u2a2n,Taobao,https://item.taobao.com/item.htm?id=RAW_bicycle_valve_adapter_10_u2a2n,bicycle valve adapter - Item 10,[자동번역] bicycle valve adapter - 상품 10,BICYCLE,78.67,0.00,3,"Type A, Type B",266,4.9,Great Parts Store,4.8,0,5,"Material: Metal, Size: 1/4 to 3/8, Keyword Intent: SPEC_MATCH",1x Screw Adapter,bicycle valve adapter,2026-04-26T10:13:15.954Z,SUCCESS,,"{""keyword"":""bicycle valve adapter"",""category_group"":""BICYCLE"",""allowed_category"":""VALVE_ADAPTER"",""priority"":2,""search_intent"":""SPEC_MATCH"",""expected_buyer"":""CYCLIST"",""cs_risk_level"":""LOW"",""memo"":""Clear spec search"",""active"":true}",NORMAL
RAW_bicycle_valve_adapter_11_1vwtf,Taobao,https://item.taobao.com/item.htm?id=RAW_bicycle_valve_adapter_11_1vwtf,bicycle valve adapter - Item 11,[자동번역] bicycle valve adapter - 상품 11,BICYCLE,80.28,0.00,10,"Type A, Type B",4,4.2,Great Parts Store,4.8,100+,5,"Material: Metal, Size: 1/4 to 3/8, Keyword Intent: SPEC_MATCH",1x Screw Adapter,bicycle valve adapter,2026-04-26T10:13:15.954Z,SUCCESS,,"{""keyword"":""bicycle valve adapter"",""category_group"":""BICYCLE"",""allowed_category"":""VALVE_ADAPTER"",""priority"":2,""search_intent"":""SPEC_MATCH"",""expected_buyer"":""CYCLIST"",""cs_risk_level"":""LOW"",""memo"":""Clear spec search"",""active"":true}",NORMAL
RAW_clamp_jig_0_3u4dn,Taobao,https://item.taobao.com/item.htm?id=RAW_clamp_jig_0_3u4dn,clamp jig - Item 0,[자동번역] clamp jig - 상품 0,HARDWARE,61.37,0.00,8,"1/4, 3/8, Universal",434,4.8,Great Parts Store,4.8,100+,5,"Material: Metal, Size: 1/4 to 3/8, Keyword Intent: SPEC_MATCH",1x Screw Adapter,clamp jig,2026-04-26T10:13:15.954Z,SUCCESS,POTENTIAL_RISK_DETECTED,"{""keyword"":""clamp jig"",""category_group"":""HARDWARE"",""allowed_category"":""JIG"",""priority"":2,""search_intent"":""SPEC_MATCH"",""expected_buyer"":""WOODWORKER"",""cs_risk_level"":""MID"",""memo"":""Requires spec check"",""active"":true}",FAST
RAW_clamp_jig_1_a91zy,Taobao,https://item.taobao.com/item.htm?id=RAW_clamp_jig_1_a91zy,clamp jig - Item 1,[자동번역] clamp jig - 상품 1,HARDWARE,64.07,0.00,5,"Type A, Type B",460,4.8,Great Parts Store,4.8,0,5,"Material: Metal, Size: 1/4 to 3/8, Keyword Intent: SPEC_MATCH",1x Screw Adapter,clamp jig,2026-04-26T10:13:15.954Z,SUCCESS,,"{""keyword"":""clamp jig"",""category_group"":""HARDWARE"",""allowed_category"":""JIG"",""priority"":2,""search_intent"":""SPEC_MATCH"",""expected_buyer"":""WOODWORKER"",""cs_risk_level"":""MID"",""memo"":""Requires spec check"",""active"":true}",NORMAL
RAW_clamp_jig_2_5esta,Taobao,https://item.taobao.com/item.htm?id=RAW_clamp_jig_2_5esta,clamp jig - Item 2,[자동번역] clamp jig - 상품 2,HARDWARE,30.54,0.00,5,"Type A, Type B",486,4.6,Great Parts Store,4.8,100+,5,Size: Standard,,clamp jig,2026-04-26T10:13:15.954Z,SUCCESS,,"{""keyword"":""clamp jig"",""category_group"":""HARDWARE"",""allowed_category"":""JIG"",""priority"":2,""search_intent"":""SPEC_MATCH"",""expected_buyer"":""WOODWORKER"",""cs_risk_level"":""MID"",""memo"":""Requires spec check"",""active"":true}",FAST
RAW_clamp_jig_3_1s95c,Taobao,https://item.taobao.com/item.htm?id=RAW_clamp_jig_3_1s95c,clamp jig - Item 3,[자동번역] clamp jig - 상품 3,HARDWARE,85.62,0.00,7,"1/4, 3/8, Universal",1,4.4,Great Parts Store,4.8,100+,5,Size: Standard,1x Screw Adapter,clamp jig,2026-04-26T10:13:15.954Z,SUCCESS,,"{""keyword"":""clamp jig"",""category_group"":""HARDWARE"",""allowed_category"":""JIG"",""priority"":2,""search_intent"":""SPEC_MATCH"",""expected_buyer"":""WOODWORKER"",""cs_risk_level"":""MID"",""memo"":""Requires spec check"",""active"":true}",NORMAL
RAW_clamp_jig_4_lgiia,Taobao,https://item.taobao.com/item.htm?id=RAW_clamp_jig_4_lgiia,clamp jig - Item 4,[자동번역] clamp jig - 상품 4,HARDWARE,44.99,0.00,10,"Type A, Type B",171,4.3,Great Parts Store,4.8,0,5,"Material: Metal, Size: 1/4 to 3/8, Keyword Intent: SPEC_MATCH",1x Screw Adapter,clamp jig,2026-04-26T10:13:15.954Z,SUCCESS,,"{""keyword"":""clamp jig"",""category_group"":""HARDWARE"",""allowed_category"":""JIG"",""priority"":2,""search_intent"":""SPEC_MATCH"",""expected_buyer"":""WOODWORKER"",""cs_risk_level"":""MID"",""memo"":""Requires spec check"",""active"":true}",FAST
RAW_clamp_jig_5_xdwur,Taobao,https://item.taobao.com/item.htm?id=RAW_clamp_jig_5_xdwur,clamp jig - Item 5,[자동번역] clamp jig - 상품 5,HARDWARE,64.70,0.00,3,"Type A, Type B",4,4.4,Great Parts Store,4.8,100+,5,"Material: Metal, Size: 1/4 to 3/8, Keyword Intent: SPEC_MATCH",1x Screw Adapter,clamp jig,2026-04-26T10:13:15.954Z,SUCCESS,,"{""keyword"":""clamp jig"",""category_group"":""HARDWARE"",""allowed_category"":""JIG"",""priority"":2,""search_intent"":""SPEC_MATCH"",""expected_buyer"":""WOODWORKER"",""cs_risk_level"":""MID"",""memo"":""Requires spec check"",""active"":true}",NORMAL
RAW_clamp_jig_6_ygxg2,Taobao,https://item.taobao.com/item.htm?id=RAW_clamp_jig_6_ygxg2,clamp jig - Item 6,[자동번역] clamp jig - 상품 6,HARDWARE,64.75,0.00,9,"1/4, 3/8, Universal",0,4.1,Great Parts Store,4.8,0,5,Size: Standard,1x Screw Adapter,clamp jig,2026-04-26T10:13:15.954Z,SUCCESS,,"{""keyword"":""clamp jig"",""category_group"":""HARDWARE"",""allowed_category"":""JIG"",""priority"":2,""search_intent"":""SPEC_MATCH"",""expected_buyer"":""WOODWORKER"",""cs_risk_level"":""MID"",""memo"":""Requires spec check"",""active"":true}",NORMAL
RAW_clamp_jig_7_45z3g,Taobao,https://item.taobao.com/item.htm?id=RAW_clamp_jig_7_45z3g,clamp jig - Item 7,[자동번역] clamp jig - 상품 7,HARDWARE,29.14,0.00,4,"Type A, Type B",324,4.3,Great Parts Store,4.8,100+,5,"Material: Metal, Size: 1/4 to 3/8, Keyword Intent: SPEC_MATCH",,clamp jig,2026-04-26T10:13:15.954Z,SUCCESS,,"{""keyword"":""clamp jig"",""category_group"":""HARDWARE"",""allowed_category"":""JIG"",""priority"":2,""search_intent"":""SPEC_MATCH"",""expected_buyer"":""WOODWORKER"",""cs_risk_level"":""MID"",""memo"":""Requires spec check"",""active"":true}",NORMAL
RAW_clamp_jig_8_spw3x,Taobao,https://item.taobao.com/item.htm?id=RAW_clamp_jig_8_spw3x,clamp jig - Item 8,[자동번역] clamp jig - 상품 8,HARDWARE,38.09,0.00,4,"Type A, Type B",1,4.7,Great Parts Store,4.8,0,5,"Material: Metal, Size: 1/4 to 3/8, Keyword Intent: SPEC_MATCH",1x Screw Adapter,clamp jig,2026-04-26T10:13:15.954Z,SUCCESS,,"{""keyword"":""clamp jig"",""category_group"":""HARDWARE"",""allowed_category"":""JIG"",""priority"":2,""search_intent"":""SPEC_MATCH"",""expected_buyer"":""WOODWORKER"",""cs_risk_level"":""MID"",""memo"":""Requires spec check"",""active"":true}",NORMAL
RAW_clamp_jig_9_6mrh5,Taobao,https://item.taobao.com/item.htm?id=RAW_clamp_jig_9_6mrh5,clamp jig - Item 9,[자동번역] clamp jig - 상품 9,HARDWARE,76.99,0.00,5,"1/4, 3/8, Universal",220,4.1,Great Parts Store,4.8,100+,5,"Material: Metal, Size: 1/4 to 3/8, Keyword Intent: SPEC_MATCH",1x Screw Adapter,clamp jig,2026-04-26T10:13:15.954Z,SUCCESS,,"{""keyword"":""clamp jig"",""category_group"":""HARDWARE"",""allowed_category"":""JIG"",""priority"":2,""search_intent"":""SPEC_MATCH"",""expected_buyer"":""WOODWORKER"",""cs_risk_level"":""MID"",""memo"":""Requires spec check"",""active"":true}",NORMAL
RAW_clamp_jig_10_nd3w4,Taobao,https://item.taobao.com/item.htm?id=RAW_clamp_jig_10_nd3w4,clamp jig - Item 10,[자동번역] clamp jig - 상품 10,HARDWARE,50.81,0.00,5,"Type A, Type B",184,4.2,Great Parts Store,4.8,100+,5,Size: Standard,,clamp jig,2026-04-26T10:13:15.954Z,SUCCESS,,"{""keyword"":""clamp jig"",""category_group"":""HARDWARE"",""allowed_category"":""JIG"",""priority"":2,""search_intent"":""SPEC_MATCH"",""expected_buyer"":""WOODWORKER"",""cs_risk_level"":""MID"",""memo"":""Requires spec check"",""active"":true}",FAST
RAW_clamp_jig_11_od5m7,Taobao,https://item.taobao.com/item.htm?id=RAW_clamp_jig_11_od5m7,clamp jig - Item 11,[자동번역] clamp jig - 상품 11,HARDWARE,91.33,0.00,1,"Type A, Type B",735,4.5,Great Parts Store,4.8,100+,5,"Material: Metal, Size: 1/4 to 3/8, Keyword Intent: SPEC_MATCH",1x Screw Adapter,clamp jig,2026-04-26T10:13:15.954Z,SUCCESS,,"{""keyword"":""clamp jig"",""category_group"":""HARDWARE"",""allowed_category"":""JIG"",""priority"":2,""search_intent"":""SPEC_MATCH"",""expected_buyer"":""WOODWORKER"",""cs_risk_level"":""MID"",""memo"":""Requires spec check"",""active"":true}",FAST
RAW_clamp_jig_12_i1ry3,Taobao,https://item.taobao.com/item.htm?id=RAW_clamp_jig_12_i1ry3,clamp jig - Item 12,[자동번역] clamp jig - 상품 12,HARDWARE,37.96,0.00,7,"1/4, 3/8, Universal",844,4.2,Great Parts Store,4.8,0,5,"Material: Metal, Size: 1/4 to 3/8, Keyword Intent: SPEC_MATCH",1x Screw Adapter,clamp jig,2026-04-26T10:13:15.954Z,SUCCESS,,"{""keyword"":""clamp jig"",""category_group"":""HARDWARE"",""allowed_category"":""JIG"",""priority"":2,""search_intent"":""SPEC_MATCH"",""expected_buyer"":""WOODWORKER"",""cs_risk_level"":""MID"",""memo"":""Requires spec check"",""active"":true}",FAST
RAW_clamp_jig_13_hdmjl,Taobao,https://item.taobao.com/item.htm?id=RAW_clamp_jig_13_hdmjl,clamp jig - Item 13,[자동번역] clamp jig - 상품 13,HARDWARE,96.69,0.00,7,"Type A, Type B",543,4.3,Great Parts Store,4.8,100+,5,"Material: Metal, Size: 1/4 to 3/8, Keyword Intent: SPEC_MATCH",1x Screw Adapter,clamp jig,2026-04-26T10:13:15.954Z,SUCCESS,,"{""keyword"":""clamp jig"",""category_group"":""HARDWARE"",""allowed_category"":""JIG"",""priority"":2,""search_intent"":""SPEC_MATCH"",""expected_buyer"":""WOODWORKER"",""cs_risk_level"":""MID"",""memo"":""Requires spec check"",""active"":true}",NORMAL
RAW_clamp_jig_14_1xl49,Taobao,https://item.taobao.com/item.htm?id=RAW_clamp_jig_14_1xl49,clamp jig - Item 14,[자동번역] clamp jig - 상품 14,HARDWARE,103.72,0.00,1,"Type A, Type B",4,4.5,Great Parts Store,4.8,100+,5,"Material: Metal, Size: 1/4 to 3/8, Keyword Intent: SPEC_MATCH",,clamp jig,2026-04-26T10:13:15.954Z,SUCCESS,,"{""keyword"":""clamp jig"",""category_group"":""HARDWARE"",""allowed_category"":""JIG"",""priority"":2,""search_intent"":""SPEC_MATCH"",""expected_buyer"":""WOODWORKER"",""cs_risk_level"":""MID"",""memo"":""Requires spec check"",""active"":true}",NORMAL
