productId,title,category,source_url,screening_status,sourcing_status,upload_lock_status,result,rejection_gates,rejection_reasons,approval_reasons,risk_keywords,margin_rate,option_count,supplier_score,supplier_score_reason,review_reason_type,review_priority,watchlist_reason_type,estimated_cost,estimated_sale_price,checked_at,bundle_suggestion,is_risk_override_downgraded,is_marketable_but_high_risk,is_safe_but_low_marketability,is_low_price_consumable,is_detail_page_ready,is_upload_ready,upload_ready_blocked_reason,visibility_score,cs_burden_score,keyword_quality_info,source_evidence,verification_status,cost_analysis,detail_page_data
RAW_camera_screw_adapter_2_kwotj,[자동번역] camera screw adapter - 상품 2,CAMERA_ACC,https://item.taobao.com/item.htm?id=RAW_camera_screw_adapter_2_kwotj,REVIEW_ONLY,COLLECTED,BLOCKED_BY_REVIEW_REQUIRED,REVIEW_ONLY,[],[],"[""국내에서 구하기 불편한 부속품"",""판매 흔적 존재""]",[],0.43815637065637064,10,96,특이사항 없음,SPEC_MISSING,HIGH,NONE,29103.5,51800,2026-04-26T10:43:07.164Z,,,,,,,,,80,30,"{""intent"":""SPEC_MATCH"",""buyer"":""PROFESSIONAL""}","{""title"":""camera screw adapter - Item 2"",""price"":""98.65"",""shipping_fee"":""0.00"",""option_name"":""Type A"",""spec_text"":""Material: Metal, Size: 1/4 to 3/8, Keyword Intent: SPEC_MATCH"",""component_text"":""1x Screw Adapter"",""seller_name"":""Great Parts Store"",""review_count"":""2"",""rating"":""4.5"",""stock_status"":""IN_STOCK"",""shipping_reliability_hint"":""NORMAL"",""recent_sales_hint"":""EXIST"",""checked_at"":""2026-04-26T10:43:07.161Z""}","{""original_page_checked"":false,""spec_verified"":false,""component_verified"":false,""compatibility_verified"":false,""price_verified"":false,""shipping_cost_verified"":false,""supplier_stock_verified"":false,""decision"":""HOLD""}","{""source_price_krw"":18743.5,""source_shipping_krw"":0,""int_shipping_krw"":0,""platform_fee"":6216,""payment_fee"":1554,""return_buffer"":2590,""final_landed_cost"":29103.5,""final_margin_rate"":0.43815637065637064}","{""selling_title_draft"":""[규격 확인] [자동번역] camera screw adapter - 상품 2"",""short_description"":"""",""key_specifications"":""Material: Metal, Size: 1/4 to 3/8, Keyword Intent: SPEC_MATCH"",""package_components"":""1x Screw Adapter"",""compatible_with"":"""",""not_compatible_with"":"""",""usage_notice"":"""",""size_notice"":"""",""shipping_notice"":"""",""return_notice"":"""",""overseas_purchase_notice"":"""",""customer_check_before_order"":"""",""blockers"":[""옵션 규격 불명확""],""warnings"":[]}"
RAW_camera_screw_adapter_3_ntmtv,[자동번역] camera screw adapter - 상품 3,CAMERA_ACC,https://item.taobao.com/item.htm?id=RAW_camera_screw_adapter_3_ntmtv,REVIEW_ONLY,COLLECTED,BLOCKED_BY_REVIEW_REQUIRED,REVIEW_ONLY,[],[],"[""반복구매/소모품 성격"",""국내에서 구하기 불편한 부속품""]",[],0.4120573770491804,7,100,"리뷰 100건 이상, 배송 신뢰도 높음",SPEC_MISSING,HIGH,NONE,7172.9,12200,2026-04-26T10:43:07.165Z,,,,,,1,,,80,30,"{""intent"":""SPEC_MATCH"",""buyer"":""PROFESSIONAL""}","{""title"":""camera screw adapter - Item 3"",""price"":""24.91"",""shipping_fee"":""0.00"",""option_name"":""1/4"",""spec_text"":""Material: Metal, Size: 1/4 to 3/8, Keyword Intent: SPEC_MATCH"",""component_text"":""1x Screw Adapter"",""seller_name"":""Great Parts Store"",""review_count"":""120"",""rating"":""4.8"",""stock_status"":""IN_STOCK"",""shipping_reliability_hint"":""FAST"",""recent_sales_hint"":""EXIST"",""checked_at"":""2026-04-26T10:43:07.161Z""}","{""original_page_checked"":false,""spec_verified"":false,""component_verified"":false,""compatibility_verified"":false,""price_verified"":false,""shipping_cost_verified"":false,""supplier_stock_verified"":false,""decision"":""HOLD""}","{""source_price_krw"":4732.9,""source_shipping_krw"":0,""int_shipping_krw"":0,""platform_fee"":1464,""payment_fee"":366,""return_buffer"":610,""final_landed_cost"":7172.9,""final_margin_rate"":0.4120573770491804}","{""selling_title_draft"":""[규격 확인] [자동번역] camera screw adapter - 상품 3"",""short_description"":"""",""key_specifications"":""Material: Metal, Size: 1/4 to 3/8, Keyword Intent: SPEC_MATCH"",""package_components"":""1x Screw Adapter"",""compatible_with"":"""",""not_compatible_with"":"""",""usage_notice"":"""",""size_notice"":"""",""shipping_notice"":"""",""return_notice"":"""",""overseas_purchase_notice"":"""",""customer_check_before_order"":"""",""blockers"":[],""warnings"":[]}"
RAW_camera_screw_adapter_7_d5hc2,[자동번역] camera screw adapter - 상품 7,CAMERA_ACC,https://item.taobao.com/item.htm?id=RAW_camera_screw_adapter_7_d5hc2,REVIEW_ONLY,COLLECTED,BLOCKED_BY_REVIEW_REQUIRED,REVIEW_ONLY,[],[],"[""반복구매/소모품 성격"",""국내에서 구하기 불편한 부속품"",""판매 흔적 존재""]",[],0.29124271844660193,5,100,리뷰 100건 이상,SPEC_MISSING,MEDIUM,NONE,14600.4,20600,2026-04-26T10:43:07.165Z,,,,,,,,,80,30,"{""intent"":""SPEC_MATCH"",""buyer"":""PROFESSIONAL""}","{""title"":""camera screw adapter - Item 7"",""price"":""55.16"",""shipping_fee"":""0.00"",""option_name"":""Type A"",""spec_text"":""Material: Metal, Size: 1/4 to 3/8, Keyword Intent: SPEC_MATCH"",""component_text"":"""",""seller_name"":""Great Parts Store"",""review_count"":""314"",""rating"":""4.7"",""stock_status"":""IN_STOCK"",""shipping_reliability_hint"":""NORMAL"",""recent_sales_hint"":""EXIST"",""checked_at"":""2026-04-26T10:43:07.161Z""}","{""original_page_checked"":false,""spec_verified"":false,""component_verified"":false,""compatibility_verified"":false,""price_verified"":false,""shipping_cost_verified"":false,""supplier_stock_verified"":false,""decision"":""HOLD""}","{""source_price_krw"":10480.4,""source_shipping_krw"":0,""int_shipping_krw"":0,""platform_fee"":2472,""payment_fee"":618,""return_buffer"":1030,""final_landed_cost"":14600.4,""final_margin_rate"":0.29124271844660193}","{""selling_title_draft"":""[규격 확인] [자동번역] camera screw adapter - 상품 7"",""short_description"":"""",""key_specifications"":""Material: Metal, Size: 1/4 to 3/8, Keyword Intent: SPEC_MATCH"",""package_components"":"""",""compatible_with"":"""",""not_compatible_with"":"""",""usage_notice"":"""",""size_notice"":"""",""shipping_notice"":"""",""return_notice"":"""",""overseas_purchase_notice"":"""",""customer_check_before_order"":"""",""blockers"":[""구성품 정보 누락"",""옵션 규격 불명확""],""warnings"":[]}"
RAW_camera_screw_adapter_8_1us98,[자동번역] camera screw adapter - 상품 8,CAMERA_ACC,https://item.taobao.com/item.htm?id=RAW_camera_screw_adapter_8_1us98,REVIEW_ONLY,COLLECTED,BLOCKED_BY_REVIEW_REQUIRED,REVIEW_ONLY,[],[],"[""반복구매/소모품 성격"",""국내에서 구하기 불편한 부속품"",""판매 흔적 존재""]",[],0.40635992217898836,10,100,평점 4.8 초과,SPEC_MISSING,HIGH,NONE,30513.1,51400,2026-04-26T10:43:07.165Z,,,,,,,,,70,30,"{""intent"":""SPEC_MATCH"",""buyer"":""PROFESSIONAL""}","{""title"":""camera screw adapter - Item 8"",""price"":""106.49"",""shipping_fee"":""0.00"",""option_name"":""Type A"",""spec_text"":""Size: Standard"",""component_text"":""1x Screw Adapter"",""seller_name"":""Great Parts Store"",""review_count"":""2"",""rating"":""4.9"",""stock_status"":""IN_STOCK"",""shipping_reliability_hint"":""NORMAL"",""recent_sales_hint"":""EXIST"",""checked_at"":""2026-04-26T10:43:07.161Z""}","{""original_page_checked"":false,""spec_verified"":false,""component_verified"":false,""compatibility_verified"":false,""price_verified"":false,""shipping_cost_verified"":false,""supplier_stock_verified"":false,""decision"":""HOLD""}","{""source_price_krw"":20233.1,""source_shipping_krw"":0,""int_shipping_krw"":0,""platform_fee"":6168,""payment_fee"":1542,""return_buffer"":2570,""final_landed_cost"":30513.1,""final_margin_rate"":0.40635992217898836}","{""selling_title_draft"":""[규격 확인] [자동번역] camera screw adapter - 상품 8"",""short_description"":"""",""key_specifications"":""Size: Standard"",""package_components"":""1x Screw Adapter"",""compatible_with"":"""",""not_compatible_with"":"""",""usage_notice"":"""",""size_notice"":"""",""shipping_notice"":"""",""return_notice"":"""",""overseas_purchase_notice"":"""",""customer_check_before_order"":"""",""blockers"":[""주요 스펙 누락"",""옵션 규격 불명확""],""warnings"":[]}"
RAW_camera_screw_adapter_12_pqjjw,[자동번역] camera screw adapter - 상품 12,CAMERA_ACC,https://item.taobao.com/item.htm?id=RAW_camera_screw_adapter_12_pqjjw,REVIEW_ONLY,COLLECTED,BLOCKED_BY_REVIEW_REQUIRED,REVIEW_ONLY,[],[],"[""반복구매/소모품 성격"",""판매 흔적 존재""]",[],0.3270039062500001,5,100,"리뷰 100건 이상, 배송 신뢰도 높음",SPEC_MISSING,HIGH,NONE,17228.699999999997,25600,2026-04-26T10:43:07.166Z,,,,,,1,,,80,30,"{""intent"":""SPEC_MATCH"",""buyer"":""PROFESSIONAL""}","{""title"":""camera screw adapter - Item 12"",""price"":""63.73"",""shipping_fee"":""0.00"",""option_name"":""1/4"",""spec_text"":""Material: Metal, Size: 1/4 to 3/8, Keyword Intent: SPEC_MATCH"",""component_text"":""1x Screw Adapter"",""seller_name"":""Great Parts Store"",""review_count"":""820"",""rating"":""4.8"",""stock_status"":""IN_STOCK"",""shipping_reliability_hint"":""FAST"",""recent_sales_hint"":""EXIST"",""checked_at"":""2026-04-26T10:43:07.161Z""}","{""original_page_checked"":false,""spec_verified"":false,""component_verified"":false,""compatibility_verified"":false,""price_verified"":false,""shipping_cost_verified"":false,""supplier_stock_verified"":false,""decision"":""HOLD""}","{""source_price_krw"":12108.699999999999,""source_shipping_krw"":0,""int_shipping_krw"":0,""platform_fee"":3072,""payment_fee"":768,""return_buffer"":1280,""final_landed_cost"":17228.699999999997,""final_margin_rate"":0.3270039062500001}","{""selling_title_draft"":""[규격 확인] [자동번역] camera screw adapter - 상품 12"",""short_description"":"""",""key_specifications"":""Material: Metal, Size: 1/4 to 3/8, Keyword Intent: SPEC_MATCH"",""package_components"":""1x Screw Adapter"",""compatible_with"":"""",""not_compatible_with"":"""",""usage_notice"":"""",""size_notice"":"""",""shipping_notice"":"""",""return_notice"":"""",""overseas_purchase_notice"":"""",""customer_check_before_order"":"""",""blockers"":[],""warnings"":[]}"
RAW_tripod_screw_adapter_4_5f8e0,[자동번역] tripod screw adapter - 상품 4,CAMERA_ACC,https://item.taobao.com/item.htm?id=RAW_tripod_screw_adapter_4_5f8e0,REVIEW_ONLY,COLLECTED,BLOCKED_BY_REVIEW_REQUIRED,REVIEW_ONLY,[],[],"[""반복구매/소모품 성격"",""국내에서 구하기 불편한 부속품"",""판매 흔적 존재""]",[],0.4107422096317281,1,100,리뷰 100건 이상,SPEC_MISSING,HIGH,NONE,20800.8,35300,2026-04-26T10:43:07.166Z,,,,,,,,,80,30,"{""intent"":""SPEC_MATCH"",""buyer"":""PROFESSIONAL""}","{""title"":""tripod screw adapter - Item 4"",""price"":""72.32"",""shipping_fee"":""0.00"",""option_name"":""Type A"",""spec_text"":""Material: Metal, Size: 1/4 to 3/8, Keyword Intent: SPEC_MATCH"",""component_text"":""1x Screw Adapter"",""seller_name"":""Great Parts Store"",""review_count"":""528"",""rating"":""4.6"",""stock_status"":""IN_STOCK"",""shipping_reliability_hint"":""NORMAL"",""recent_sales_hint"":""EXIST"",""checked_at"":""2026-04-26T10:43:07.161Z""}","{""original_page_checked"":false,""spec_verified"":false,""component_verified"":false,""compatibility_verified"":false,""price_verified"":false,""shipping_cost_verified"":false,""supplier_stock_verified"":false,""decision"":""HOLD""}","{""source_price_krw"":13740.8,""source_shipping_krw"":0,""int_shipping_krw"":0,""platform_fee"":4236,""payment_fee"":1059,""return_buffer"":1765,""final_landed_cost"":20800.8,""final_margin_rate"":0.4107422096317281}","{""selling_title_draft"":""[규격 확인] [자동번역] tripod screw adapter - 상품 4"",""short_description"":"""",""key_specifications"":""Material: Metal, Size: 1/4 to 3/8, Keyword Intent: SPEC_MATCH"",""package_components"":""1x Screw Adapter"",""compatible_with"":"""",""not_compatible_with"":"""",""usage_notice"":"""",""size_notice"":"""",""shipping_notice"":"""",""return_notice"":"""",""overseas_purchase_notice"":"""",""customer_check_before_order"":"""",""blockers"":[""옵션 규격 불명확""],""warnings"":[]}"
RAW_tripod_screw_adapter_6_x3whe,[자동번역] tripod screw adapter - 상품 6,CAMERA_ACC,https://item.taobao.com/item.htm?id=RAW_tripod_screw_adapter_6_x3whe,REVIEW_ONLY,COLLECTED,BLOCKED_BY_REVIEW_REQUIRED,REVIEW_ONLY,[],[],"[""반복구매/소모품 성격"",""국내에서 구하기 불편한 부속품"",""판매 흔적 존재""]",[],0.46449166666666664,10,81,"배송 신뢰도 높음, 리뷰 및 평점 근거 부족",SPEC_MISSING,HIGH,NONE,12852.2,24000,2026-04-26T10:43:07.166Z,,,,,,,,,70,30,"{""intent"":""SPEC_MATCH"",""buyer"":""PROFESSIONAL""}","{""title"":""tripod screw adapter - Item 6"",""price"":""42.38"",""shipping_fee"":""0.00"",""option_name"":""1/4"",""spec_text"":""Size: Standard"",""component_text"":""1x Screw Adapter"",""seller_name"":""Great Parts Store"",""review_count"":""3"",""rating"":""4.1"",""stock_status"":""IN_STOCK"",""shipping_reliability_hint"":""FAST"",""recent_sales_hint"":""EXIST"",""checked_at"":""2026-04-26T10:43:07.161Z""}","{""original_page_checked"":false,""spec_verified"":false,""component_verified"":false,""compatibility_verified"":false,""price_verified"":false,""shipping_cost_verified"":false,""supplier_stock_verified"":false,""decision"":""HOLD""}","{""source_price_krw"":8052.200000000001,""source_shipping_krw"":0,""int_shipping_krw"":0,""platform_fee"":2880,""payment_fee"":720,""return_buffer"":1200,""final_landed_cost"":12852.2,""final_margin_rate"":0.46449166666666664}","{""selling_title_draft"":""[규격 확인] [자동번역] tripod screw adapter - 상품 6"",""short_description"":"""",""key_specifications"":""Size: Standard"",""package_components"":""1x Screw Adapter"",""compatible_with"":"""",""not_compatible_with"":"""",""usage_notice"":"""",""size_notice"":"""",""shipping_notice"":"""",""return_notice"":"""",""overseas_purchase_notice"":"""",""customer_check_before_order"":"""",""blockers"":[""주요 스펙 누락""],""warnings"":[]}"
RAW_tripod_screw_adapter_11_txeju,[자동번역] tripod screw adapter - 상품 11,CAMERA_ACC,https://item.taobao.com/item.htm?id=RAW_tripod_screw_adapter_11_txeju,REVIEW_ONLY,COLLECTED,BLOCKED_BY_REVIEW_REQUIRED,REVIEW_ONLY,[],[],"[""국내에서 구하기 불편한 부속품"",""판매 흔적 존재""]",[],0.3587620817843866,7,100,배송 신뢰도 높음,SPEC_MISSING,HIGH,NONE,17249.3,26900,2026-04-26T10:43:07.166Z,,,,,,,,,70,30,"{""intent"":""SPEC_MATCH"",""buyer"":""PROFESSIONAL""}","{""title"":""tripod screw adapter - Item 11"",""price"":""62.47"",""shipping_fee"":""0.00"",""option_name"":""Type A"",""spec_text"":""Size: Standard"",""component_text"":""1x Screw Adapter"",""seller_name"":""Great Parts Store"",""review_count"":""2"",""rating"":""4.6"",""stock_status"":""IN_STOCK"",""shipping_reliability_hint"":""FAST"",""recent_sales_hint"":""EXIST"",""checked_at"":""2026-04-26T10:43:07.161Z""}","{""original_page_checked"":false,""spec_verified"":false,""component_verified"":false,""compatibility_verified"":false,""price_verified"":false,""shipping_cost_verified"":false,""supplier_stock_verified"":false,""decision"":""HOLD""}","{""source_price_krw"":11869.3,""source_shipping_krw"":0,""int_shipping_krw"":0,""platform_fee"":3228,""payment_fee"":807,""return_buffer"":1345,""final_landed_cost"":17249.3,""final_margin_rate"":0.3587620817843866}","{""selling_title_draft"":""[규격 확인] [자동번역] tripod screw adapter - 상품 11"",""short_description"":"""",""key_specifications"":""Size: Standard"",""package_components"":""1x Screw Adapter"",""compatible_with"":"""",""not_compatible_with"":"""",""usage_notice"":"""",""size_notice"":"""",""shipping_notice"":"""",""return_notice"":"""",""overseas_purchase_notice"":"""",""customer_check_before_order"":"""",""blockers"":[""주요 스펙 누락"",""옵션 규격 불명확""],""warnings"":[]}"
RAW_tripod_screw_adapter_14_ljdy1,[자동번역] tripod screw adapter - 상품 14,CAMERA_ACC,https://item.taobao.com/item.htm?id=RAW_tripod_screw_adapter_14_ljdy1,REVIEW_ONLY,COLLECTED,BLOCKED_BY_REVIEW_REQUIRED,REVIEW_ONLY,[],[],"[""반복구매/소모품 성격"",""국내에서 구하기 불편한 부속품"",""판매 흔적 존재""]",[],0.42,6,100,"리뷰 100건 이상, 배송 신뢰도 높음",SPEC_MISSING,HIGH,NONE,14036,24200,2026-04-26T10:43:07.166Z,,,,,,,,,80,30,"{""intent"":""SPEC_MATCH"",""buyer"":""PROFESSIONAL""}","{""title"":""tripod screw adapter - Item 14"",""price"":""48.40"",""shipping_fee"":""0.00"",""option_name"":""Type A"",""spec_text"":""Material: Metal, Size: 1/4 to 3/8, Keyword Intent: SPEC_MATCH"",""component_text"":""1x Screw Adapter"",""seller_name"":""Great Parts Store"",""review_count"":""113"",""rating"":""4.1"",""stock_status"":""IN_STOCK"",""shipping_reliability_hint"":""FAST"",""recent_sales_hint"":""EXIST"",""checked_at"":""2026-04-26T10:43:07.161Z""}","{""original_page_checked"":false,""spec_verified"":false,""component_verified"":false,""compatibility_verified"":false,""price_verified"":false,""shipping_cost_verified"":false,""supplier_stock_verified"":false,""decision"":""HOLD""}","{""source_price_krw"":9196,""source_shipping_krw"":0,""int_shipping_krw"":0,""platform_fee"":2904,""payment_fee"":726,""return_buffer"":1210,""final_landed_cost"":14036,""final_margin_rate"":0.42}","{""selling_title_draft"":""[규격 확인] [자동번역] tripod screw adapter - 상품 14"",""short_description"":"""",""key_specifications"":""Material: Metal, Size: 1/4 to 3/8, Keyword Intent: SPEC_MATCH"",""package_components"":""1x Screw Adapter"",""compatible_with"":"""",""not_compatible_with"":"""",""usage_notice"":"""",""size_notice"":"""",""shipping_notice"":"""",""return_notice"":"""",""overseas_purchase_notice"":"""",""customer_check_before_order"":"""",""blockers"":[""옵션 규격 불명확""],""warnings"":[]}"
RAW_1/4_3/8_adapter_5_g9epa,[자동번역] 1/4 3/8 adapter - 상품 5,CAMERA_ACC,https://item.taobao.com/item.htm?id=RAW_1/4_3/8_adapter_5_g9epa,REVIEW_ONLY,COLLECTED,BLOCKED_BY_REVIEW_REQUIRED,REVIEW_ONLY,[],[],"[""규격형 검색어 존재"",""반복구매/소모품 성격"",""국내에서 구하기 불편한 부속품"",""판매 흔적 존재""]",[],0.3319774011299435,3,96,특이사항 없음,OPTION_MISSING,HIGH,NONE,11824,17700,2026-04-26T10:43:07.166Z,,,,,,,,,90,30,"{""intent"":""SPEC_MATCH"",""buyer"":""PROFESSIONAL""}","{""title"":""1/4 3/8 adapter - Item 5"",""price"":""43.60"",""shipping_fee"":""0.00"",""option_name"":""Type A"",""spec_text"":""Size: Standard"",""component_text"":""1x Screw Adapter"",""seller_name"":""Great Parts Store"",""review_count"":""84"",""rating"":""4.8"",""stock_status"":""IN_STOCK"",""shipping_reliability_hint"":""NORMAL"",""recent_sales_hint"":""EXIST"",""checked_at"":""2026-04-26T10:43:07.161Z""}","{""original_page_checked"":false,""spec_verified"":false,""component_verified"":false,""compatibility_verified"":false,""price_verified"":false,""shipping_cost_verified"":false,""supplier_stock_verified"":false,""decision"":""HOLD""}","{""source_price_krw"":8284,""source_shipping_krw"":0,""int_shipping_krw"":0,""platform_fee"":2124,""payment_fee"":531,""return_buffer"":885,""final_landed_cost"":11824,""final_margin_rate"":0.3319774011299435}","{""selling_title_draft"":""[규격 확인] [자동번역] 1/4 3/8 adapter - 상품 5"",""short_description"":"""",""key_specifications"":""Size: Standard"",""package_components"":""1x Screw Adapter"",""compatible_with"":"""",""not_compatible_with"":"""",""usage_notice"":"""",""size_notice"":"""",""shipping_notice"":"""",""return_notice"":"""",""overseas_purchase_notice"":"""",""customer_check_before_order"":"""",""blockers"":[""주요 스펙 누락"",""옵션 규격 불명확""],""warnings"":[]}"
RAW_1/4_3/8_adapter_8_0c45l,[자동번역] 1/4 3/8 adapter - 상품 8,CAMERA_ACC,https://item.taobao.com/item.htm?id=RAW_1/4_3/8_adapter_8_0c45l,REVIEW_ONLY,COLLECTED,BLOCKED_BY_REVIEW_REQUIRED,REVIEW_ONLY,[],[],"[""규격형 검색어 존재"",""반복구매/소모품 성격""]",[],0.2663111111111111,7,100,리뷰 100건 이상,OPTION_MISSING,MEDIUM,NONE,16508,22500,2026-04-26T10:43:07.166Z,,,,,,,,,100,30,"{""intent"":""SPEC_MATCH"",""buyer"":""PROFESSIONAL""}","{""title"":""1/4 3/8 adapter - Item 8"",""price"":""63.20"",""shipping_fee"":""0.00"",""option_name"":""Type A"",""spec_text"":""Material: Metal, Size: 1/4 to 3/8, Keyword Intent: SPEC_MATCH"",""component_text"":""1x Screw Adapter"",""seller_name"":""Great Parts Store"",""review_count"":""336"",""rating"":""4.5"",""stock_status"":""IN_STOCK"",""shipping_reliability_hint"":""NORMAL"",""recent_sales_hint"":""EXIST"",""checked_at"":""2026-04-26T10:43:07.161Z""}","{""original_page_checked"":false,""spec_verified"":false,""component_verified"":false,""compatibility_verified"":false,""price_verified"":false,""shipping_cost_verified"":false,""supplier_stock_verified"":false,""decision"":""HOLD""}","{""source_price_krw"":12008,""source_shipping_krw"":0,""int_shipping_krw"":0,""platform_fee"":2700,""payment_fee"":675,""return_buffer"":1125,""final_landed_cost"":16508,""final_margin_rate"":0.2663111111111111}","{""selling_title_draft"":""[규격 확인] [자동번역] 1/4 3/8 adapter - 상품 8"",""short_description"":"""",""key_specifications"":""Material: Metal, Size: 1/4 to 3/8, Keyword Intent: SPEC_MATCH"",""package_components"":""1x Screw Adapter"",""compatible_with"":"""",""not_compatible_with"":"""",""usage_notice"":"""",""size_notice"":"""",""shipping_notice"":"""",""return_notice"":"""",""overseas_purchase_notice"":"""",""customer_check_before_order"":"""",""blockers"":[""옵션 규격 불명확""],""warnings"":[]}"
RAW_3d_printer_nozzle_0.4mm_1_5rh0u,[자동번역] 3d printer nozzle 0.4mm - 상품 1,3D_PRINTER,https://item.taobao.com/item.htm?id=RAW_3d_printer_nozzle_0.4mm_1_5rh0u,REVIEW_ONLY,COLLECTED,BLOCKED_BY_REVIEW_REQUIRED,REVIEW_ONLY,[],[],"[""반복구매/소모품 성격"",""국내에서 구하기 불편한 부속품"",""판매 흔적 존재""]",[],0.4436989247311828,3,100,리뷰 100건 이상,OPTION_MISSING,HIGH,NONE,25868,46500,2026-04-26T10:43:07.167Z,,,,,,,,,70,30,"{""intent"":""SPEC_MATCH"",""buyer"":""PROFESSIONAL""}","{""title"":""3d printer nozzle 0.4mm - Item 1"",""price"":""87.20"",""shipping_fee"":""0.00"",""option_name"":""Type A"",""spec_text"":""Size: Standard"",""component_text"":""1x Screw Adapter"",""seller_name"":""Great Parts Store"",""review_count"":""138"",""rating"":""4.2"",""stock_status"":""IN_STOCK"",""shipping_reliability_hint"":""NORMAL"",""recent_sales_hint"":""EXIST"",""checked_at"":""2026-04-26T10:43:07.161Z""}","{""original_page_checked"":false,""spec_verified"":false,""component_verified"":false,""compatibility_verified"":false,""price_verified"":false,""shipping_cost_verified"":false,""supplier_stock_verified"":false,""decision"":""HOLD""}","{""source_price_krw"":16568,""source_shipping_krw"":0,""int_shipping_krw"":0,""platform_fee"":5580,""payment_fee"":1395,""return_buffer"":2325,""final_landed_cost"":25868,""final_margin_rate"":0.4436989247311828}","{""selling_title_draft"":""[규격 확인] [자동번역] 3d printer nozzle 0.4mm - 상품 1"",""short_description"":"""",""key_specifications"":""Size: Standard"",""package_components"":""1x Screw Adapter"",""compatible_with"":"""",""not_compatible_with"":"""",""usage_notice"":"""",""size_notice"":"""",""shipping_notice"":"""",""return_notice"":"""",""overseas_purchase_notice"":"""",""customer_check_before_order"":"""",""blockers"":[""주요 스펙 누락"",""옵션 규격 불명확""],""warnings"":[]}"
RAW_3d_printer_nozzle_0.4mm_2_rth4c,[자동번역] 3d printer nozzle 0.4mm - 상품 2,3D_PRINTER,https://item.taobao.com/item.htm?id=RAW_3d_printer_nozzle_0.4mm_2_rth4c,REVIEW_ONLY,COLLECTED,BLOCKED_BY_REVIEW_REQUIRED,REVIEW_ONLY,[],[],"[""반복구매/소모품 성격"",""국내에서 구하기 불편한 부속품"",""판매 흔적 존재""]",[],0.4508348968105066,1,100,배송 신뢰도 높음,OPTION_MISSING,HIGH,NONE,29270.5,53300,2026-04-26T10:43:07.167Z,,,,,,,,,80,30,"{""intent"":""SPEC_MATCH"",""buyer"":""PROFESSIONAL""}","{""title"":""3d printer nozzle 0.4mm - Item 2"",""price"":""97.95"",""shipping_fee"":""0.00"",""option_name"":""Type A"",""spec_text"":""Material: Metal, Size: 1/4 to 3/8, Keyword Intent: REPLACEMENT"",""component_text"":""1x Screw Adapter"",""seller_name"":""Great Parts Store"",""review_count"":""3"",""rating"":""4.5"",""stock_status"":""IN_STOCK"",""shipping_reliability_hint"":""FAST"",""recent_sales_hint"":""EXIST"",""checked_at"":""2026-04-26T10:43:07.161Z""}","{""original_page_checked"":false,""spec_verified"":false,""component_verified"":false,""compatibility_verified"":false,""price_verified"":false,""shipping_cost_verified"":false,""supplier_stock_verified"":false,""decision"":""HOLD""}","{""source_price_krw"":18610.5,""source_shipping_krw"":0,""int_shipping_krw"":0,""platform_fee"":6396,""payment_fee"":1599,""return_buffer"":2665,""final_landed_cost"":29270.5,""final_margin_rate"":0.4508348968105066}","{""selling_title_draft"":""[규격 확인] [자동번역] 3d printer nozzle 0.4mm - 상품 2"",""short_description"":"""",""key_specifications"":""Material: Metal, Size: 1/4 to 3/8, Keyword Intent: REPLACEMENT"",""package_components"":""1x Screw Adapter"",""compatible_with"":"""",""not_compatible_with"":"""",""usage_notice"":"""",""size_notice"":"""",""shipping_notice"":"""",""return_notice"":"""",""overseas_purchase_notice"":"""",""customer_check_before_order"":"""",""blockers"":[""옵션 규격 불명확""],""warnings"":[]}"
RAW_3d_printer_nozzle_0.4mm_4_37bs0,[자동번역] 3d printer nozzle 0.4mm - 상품 4,3D_PRINTER,https://item.taobao.com/item.htm?id=RAW_3d_printer_nozzle_0.4mm_4_37bs0,REVIEW_ONLY,COLLECTED,BLOCKED_BY_REVIEW_REQUIRED,REVIEW_ONLY,[],[],"[""국내에서 구하기 불편한 부속품"",""판매 흔적 존재""]",[],0.4115929203539823,10,76,리뷰 및 평점 근거 부족,OPTION_MISSING,HIGH,NONE,13298,22600,2026-04-26T10:43:07.167Z,,,,,,,,,70,30,"{""intent"":""SPEC_MATCH"",""buyer"":""PROFESSIONAL""}","{""title"":""3d printer nozzle 0.4mm - Item 4"",""price"":""46.20"",""shipping_fee"":""0.00"",""option_name"":""Type A"",""spec_text"":""Size: Standard"",""component_text"":""1x Screw Adapter"",""seller_name"":""Great Parts Store"",""review_count"":""5"",""rating"":""4.1"",""stock_status"":""IN_STOCK"",""shipping_reliability_hint"":""NORMAL"",""recent_sales_hint"":""EXIST"",""checked_at"":""2026-04-26T10:43:07.161Z""}","{""original_page_checked"":false,""spec_verified"":false,""component_verified"":false,""compatibility_verified"":false,""price_verified"":false,""shipping_cost_verified"":false,""supplier_stock_verified"":false,""decision"":""HOLD""}","{""source_price_krw"":8778,""source_shipping_krw"":0,""int_shipping_krw"":0,""platform_fee"":2712,""payment_fee"":678,""return_buffer"":1130,""final_landed_cost"":13298,""final_margin_rate"":0.4115929203539823}","{""selling_title_draft"":""[규격 확인] [자동번역] 3d printer nozzle 0.4mm - 상품 4"",""short_description"":"""",""key_specifications"":""Size: Standard"",""package_components"":""1x Screw Adapter"",""compatible_with"":"""",""not_compatible_with"":"""",""usage_notice"":"""",""size_notice"":"""",""shipping_notice"":"""",""return_notice"":"""",""overseas_purchase_notice"":"""",""customer_check_before_order"":"""",""blockers"":[""주요 스펙 누락"",""옵션 규격 불명확""],""warnings"":[]}"
RAW_3d_printer_nozzle_0.4mm_5_5pqfn,[자동번역] 3d printer nozzle 0.4mm - 상품 5,3D_PRINTER,https://item.taobao.com/item.htm?id=RAW_3d_printer_nozzle_0.4mm_5_5pqfn,REVIEW_ONLY,COLLECTED,BLOCKED_BY_REVIEW_REQUIRED,REVIEW_ONLY,[],[],"[""반복구매/소모품 성격"",""판매 흔적 존재""]",[],0.31189655172413794,7,100,"리뷰 100건 이상, 배송 신뢰도 높음",OPTION_MISSING,HIGH,NONE,5986.5,8700,2026-04-26T10:43:07.167Z,,,,,,,,,70,30,"{""intent"":""SPEC_MATCH"",""buyer"":""PROFESSIONAL""}","{""title"":""3d printer nozzle 0.4mm - Item 5"",""price"":""22.35"",""shipping_fee"":""0.00"",""option_name"":""Type A"",""spec_text"":""Size: Standard"",""component_text"":""1x Screw Adapter"",""seller_name"":""Great Parts Store"",""review_count"":""684"",""rating"":""4.6"",""stock_status"":""IN_STOCK"",""shipping_reliability_hint"":""FAST"",""recent_sales_hint"":""EXIST"",""checked_at"":""2026-04-26T10:43:07.161Z""}","{""original_page_checked"":false,""spec_verified"":false,""component_verified"":false,""compatibility_verified"":false,""price_verified"":false,""shipping_cost_verified"":false,""supplier_stock_verified"":false,""decision"":""HOLD""}","{""source_price_krw"":4246.5,""source_shipping_krw"":0,""int_shipping_krw"":0,""platform_fee"":1044,""payment_fee"":261,""return_buffer"":435,""final_landed_cost"":5986.5,""final_margin_rate"":0.31189655172413794}","{""selling_title_draft"":""[규격 확인] [자동번역] 3d printer nozzle 0.4mm - 상품 5"",""short_description"":"""",""key_specifications"":""Size: Standard"",""package_components"":""1x Screw Adapter"",""compatible_with"":"""",""not_compatible_with"":"""",""usage_notice"":"""",""size_notice"":"""",""shipping_notice"":"""",""return_notice"":"""",""overseas_purchase_notice"":"""",""customer_check_before_order"":"""",""blockers"":[""주요 스펙 누락"",""옵션 규격 불명확""],""warnings"":[]}"
RAW_3d_printer_nozzle_0.4mm_9_n6yye,[자동번역] 3d printer nozzle 0.4mm - 상품 9,3D_PRINTER,https://item.taobao.com/item.htm?id=RAW_3d_printer_nozzle_0.4mm_9_n6yye,REVIEW_ONLY,COLLECTED,BLOCKED_BY_REVIEW_REQUIRED,REVIEW_ONLY,[],[],"[""국내에서 구하기 불편한 부속품"",""판매 흔적 존재""]",[],0.3887352297592998,1,100,"리뷰 100건 이상, 배송 신뢰도 높음",COMPONENT_MISSING,HIGH,NONE,27934.8,45700,2026-04-26T10:43:07.168Z,,,,,,,,,80,30,"{""intent"":""SPEC_MATCH"",""buyer"":""PROFESSIONAL""}","{""title"":""3d printer nozzle 0.4mm - Item 9"",""price"":""98.92"",""shipping_fee"":""0.00"",""option_name"":""1/4"",""spec_text"":""Material: Metal, Size: 1/4 to 3/8, Keyword Intent: REPLACEMENT"",""component_text"":"""",""seller_name"":""Great Parts Store"",""review_count"":""549"",""rating"":""4.8"",""stock_status"":""IN_STOCK"",""shipping_reliability_hint"":""FAST"",""recent_sales_hint"":""EXIST"",""checked_at"":""2026-04-26T10:43:07.161Z""}","{""original_page_checked"":false,""spec_verified"":false,""component_verified"":false,""compatibility_verified"":false,""price_verified"":false,""shipping_cost_verified"":false,""supplier_stock_verified"":false,""decision"":""HOLD""}","{""source_price_krw"":18794.8,""source_shipping_krw"":0,""int_shipping_krw"":0,""platform_fee"":5484,""payment_fee"":1371,""return_buffer"":2285,""final_landed_cost"":27934.8,""final_margin_rate"":0.3887352297592998}","{""selling_title_draft"":""[규격 확인] [자동번역] 3d printer nozzle 0.4mm - 상품 9"",""short_description"":"""",""key_specifications"":""Material: Metal, Size: 1/4 to 3/8, Keyword Intent: REPLACEMENT"",""package_components"":"""",""compatible_with"":"""",""not_compatible_with"":"""",""usage_notice"":"""",""size_notice"":"""",""shipping_notice"":"""",""return_notice"":"""",""overseas_purchase_notice"":"""",""customer_check_before_order"":"""",""blockers"":[""구성품 정보 누락""],""warnings"":[]}"
RAW_3d_printer_nozzle_0.4mm_12_bt8xi,[자동번역] 3d printer nozzle 0.4mm - 상품 12,3D_PRINTER,https://item.taobao.com/item.htm?id=RAW_3d_printer_nozzle_0.4mm_12_bt8xi,REVIEW_ONLY,COLLECTED,BLOCKED_BY_REVIEW_REQUIRED,REVIEW_ONLY,[],[],"[""국내에서 구하기 불편한 부속품"",""판매 흔적 존재""]",[],0.31776190476190475,7,100,리뷰 100건 이상,DETAIL_PAGE_NEEDS_WORK,HIGH,NONE,7163.5,10500,2026-04-26T10:43:07.168Z,,,,,,1,,,80,30,"{""intent"":""SPEC_MATCH"",""buyer"":""PROFESSIONAL""}","{""title"":""3d printer nozzle 0.4mm - Item 12"",""price"":""26.65"",""shipping_fee"":""0.00"",""option_name"":""1/4"",""spec_text"":""Material: Metal, Size: 1/4 to 3/8, Keyword Intent: REPLACEMENT"",""component_text"":""1x Screw Adapter"",""seller_name"":""Great Parts Store"",""review_count"":""869"",""rating"":""4.0"",""stock_status"":""IN_STOCK"",""shipping_reliability_hint"":""NORMAL"",""recent_sales_hint"":""EXIST"",""checked_at"":""2026-04-26T10:43:07.161Z""}","{""original_page_checked"":false,""spec_verified"":false,""component_verified"":false,""compatibility_verified"":false,""price_verified"":false,""shipping_cost_verified"":false,""supplier_stock_verified"":false,""decision"":""HOLD""}","{""source_price_krw"":5063.5,""source_shipping_krw"":0,""int_shipping_krw"":0,""platform_fee"":1260,""payment_fee"":315,""return_buffer"":525,""final_landed_cost"":7163.5,""final_margin_rate"":0.31776190476190475}","{""selling_title_draft"":""[규격 확인] [자동번역] 3d printer nozzle 0.4mm - 상품 12"",""short_description"":"""",""key_specifications"":""Material: Metal, Size: 1/4 to 3/8, Keyword Intent: REPLACEMENT"",""package_components"":""1x Screw Adapter"",""compatible_with"":"""",""not_compatible_with"":"""",""usage_notice"":"""",""size_notice"":"""",""shipping_notice"":"""",""return_notice"":"""",""overseas_purchase_notice"":"""",""customer_check_before_order"":"""",""blockers"":[],""warnings"":[]}"
RAW_3d_printer_nozzle_0.4mm_13_8zn0t,[자동번역] 3d printer nozzle 0.4mm - 상품 13,3D_PRINTER,https://item.taobao.com/item.htm?id=RAW_3d_printer_nozzle_0.4mm_13_8zn0t,REVIEW_ONLY,COLLECTED,BLOCKED_BY_REVIEW_REQUIRED,REVIEW_ONLY,[],[],"[""반복구매/소모품 성격"",""국내에서 구하기 불편한 부속품"",""판매 흔적 존재""]",[],0.3714861660079051,9,100,"평점 4.8 초과, 배송 신뢰도 높음",OPTION_MISSING,HIGH,NONE,15901.4,25300,2026-04-26T10:43:07.168Z,,,,,,,,,80,30,"{""intent"":""SPEC_MATCH"",""buyer"":""PROFESSIONAL""}","{""title"":""3d printer nozzle 0.4mm - Item 13"",""price"":""57.06"",""shipping_fee"":""0.00"",""option_name"":""Type A"",""spec_text"":""Material: Metal, Size: 1/4 to 3/8, Keyword Intent: REPLACEMENT"",""component_text"":""1x Screw Adapter"",""seller_name"":""Great Parts Store"",""review_count"":""1"",""rating"":""4.9"",""stock_status"":""IN_STOCK"",""shipping_reliability_hint"":""FAST"",""recent_sales_hint"":""EXIST"",""checked_at"":""2026-04-26T10:43:07.161Z""}","{""original_page_checked"":false,""spec_verified"":false,""component_verified"":false,""compatibility_verified"":false,""price_verified"":false,""shipping_cost_verified"":false,""supplier_stock_verified"":false,""decision"":""HOLD""}","{""source_price_krw"":10841.4,""source_shipping_krw"":0,""int_shipping_krw"":0,""platform_fee"":3036,""payment_fee"":759,""return_buffer"":1265,""final_landed_cost"":15901.4,""final_margin_rate"":0.3714861660079051}","{""selling_title_draft"":""[규격 확인] [자동번역] 3d printer nozzle 0.4mm - 상품 13"",""short_description"":"""",""key_specifications"":""Material: Metal, Size: 1/4 to 3/8, Keyword Intent: REPLACEMENT"",""package_components"":""1x Screw Adapter"",""compatible_with"":"""",""not_compatible_with"":"""",""usage_notice"":"""",""size_notice"":"""",""shipping_notice"":"""",""return_notice"":"""",""overseas_purchase_notice"":"""",""customer_check_before_order"":"""",""blockers"":[""옵션 규격 불명확""],""warnings"":[]}"
RAW_cable_management_clip_2_xobp7,[자동번역] cable management clip - 상품 2,OFFICE,https://item.taobao.com/item.htm?id=RAW_cable_management_clip_2_xobp7,REVIEW_ONLY,COLLECTED,BLOCKED_BY_REVIEW_REQUIRED,REVIEW_ONLY,[],[],"[""국내에서 구하기 불편한 부속품"",""판매 흔적 존재""]",[],0.40991836734693876,3,81,"배송 신뢰도 높음, 리뷰 및 평점 근거 부족",OPTION_MISSING,HIGH,NONE,2891.4,4900,2026-04-26T10:43:07.168Z,,,,,,,,,80,30,"{""intent"":""SPEC_MATCH"",""buyer"":""PROFESSIONAL""}","{""title"":""cable management clip - Item 2"",""price"":""10.06"",""shipping_fee"":""0.00"",""option_name"":""Type A"",""spec_text"":""Material: Metal, Size: 1/4 to 3/8, Keyword Intent: PROBLEM_SOLVE"",""component_text"":""1x Screw Adapter"",""seller_name"":""Great Parts Store"",""review_count"":""4"",""rating"":""4.0"",""stock_status"":""IN_STOCK"",""shipping_reliability_hint"":""FAST"",""recent_sales_hint"":""EXIST"",""checked_at"":""2026-04-26T10:43:07.161Z""}","{""original_page_checked"":false,""spec_verified"":false,""component_verified"":false,""compatibility_verified"":false,""price_verified"":false,""shipping_cost_verified"":false,""supplier_stock_verified"":false,""decision"":""HOLD""}","{""source_price_krw"":1911.4,""source_shipping_krw"":0,""int_shipping_krw"":0,""platform_fee"":588,""payment_fee"":147,""return_buffer"":245,""final_landed_cost"":2891.4,""final_margin_rate"":0.40991836734693876}","{""selling_title_draft"":""[규격 확인] [자동번역] cable management clip - 상품 2"",""short_description"":"""",""key_specifications"":""Material: Metal, Size: 1/4 to 3/8, Keyword Intent: PROBLEM_SOLVE"",""package_components"":""1x Screw Adapter"",""compatible_with"":"""",""not_compatible_with"":"""",""usage_notice"":"""",""size_notice"":"""",""shipping_notice"":"""",""return_notice"":"""",""overseas_purchase_notice"":"""",""customer_check_before_order"":"""",""blockers"":[""옵션 규격 불명확""],""warnings"":[]}"
RAW_cable_management_clip_4_slbs7,[자동번역] cable management clip - 상품 4,OFFICE,https://item.taobao.com/item.htm?id=RAW_cable_management_clip_4_slbs7,REVIEW_ONLY,COLLECTED,BLOCKED_BY_REVIEW_REQUIRED,REVIEW_ONLY,[],[],"[""반복구매/소모품 성격"",""국내에서 구하기 불편한 부속품""]",[],0.41206796116504846,10,81,"배송 신뢰도 높음, 리뷰 및 평점 근거 부족",OPTION_MISSING,HIGH,NONE,6055.700000000001,10300,2026-04-26T10:43:07.168Z,,,,,,,,,70,30,"{""intent"":""SPEC_MATCH"",""buyer"":""PROFESSIONAL""}","{""title"":""cable management clip - Item 4"",""price"":""21.03"",""shipping_fee"":""0.00"",""option_name"":""Type A"",""spec_text"":""Size: Standard"",""component_text"":""1x Screw Adapter"",""seller_name"":""Great Parts Store"",""review_count"":""3"",""rating"":""4.2"",""stock_status"":""IN_STOCK"",""shipping_reliability_hint"":""FAST"",""recent_sales_hint"":""EXIST"",""checked_at"":""2026-04-26T10:43:07.161Z""}","{""original_page_checked"":false,""spec_verified"":false,""component_verified"":false,""compatibility_verified"":false,""price_verified"":false,""shipping_cost_verified"":false,""supplier_stock_verified"":false,""decision"":""HOLD""}","{""source_price_krw"":3995.7000000000003,""source_shipping_krw"":0,""int_shipping_krw"":0,""platform_fee"":1236,""payment_fee"":309,""return_buffer"":515,""final_landed_cost"":6055.700000000001,""final_margin_rate"":0.41206796116504846}","{""selling_title_draft"":""[규격 확인] [자동번역] cable management clip - 상품 4"",""short_description"":"""",""key_specifications"":""Size: Standard"",""package_components"":""1x Screw Adapter"",""compatible_with"":"""",""not_compatible_with"":"""",""usage_notice"":"""",""size_notice"":"""",""shipping_notice"":"""",""return_notice"":"""",""overseas_purchase_notice"":"""",""customer_check_before_order"":"""",""blockers"":[""주요 스펙 누락"",""옵션 규격 불명확""],""warnings"":[]}"
RAW_cable_management_clip_6_0ut3t,[자동번역] cable management clip - 상품 6,OFFICE,https://item.taobao.com/item.htm?id=RAW_cable_management_clip_6_0ut3t,REVIEW_ONLY,COLLECTED,BLOCKED_BY_REVIEW_REQUIRED,REVIEW_ONLY,[],[],"[""반복구매/소모품 성격"",""국내에서 구하기 불편한 부속품""]",[],0.2358617021276596,5,100,리뷰 100건 이상,MARGIN_UNCERTAIN,MEDIUM,NONE,7182.9,9400,2026-04-26T10:43:07.168Z,,,,,,1,,,80,30,"{""intent"":""SPEC_MATCH"",""buyer"":""PROFESSIONAL""}","{""title"":""cable management clip - Item 6"",""price"":""27.91"",""shipping_fee"":""0.00"",""option_name"":""1/4"",""spec_text"":""Material: Metal, Size: 1/4 to 3/8, Keyword Intent: PROBLEM_SOLVE"",""component_text"":""1x Screw Adapter"",""seller_name"":""Great Parts Store"",""review_count"":""900"",""rating"":""4.3"",""stock_status"":""IN_STOCK"",""shipping_reliability_hint"":""NORMAL"",""recent_sales_hint"":""EXIST"",""checked_at"":""2026-04-26T10:43:07.161Z""}","{""original_page_checked"":false,""spec_verified"":false,""component_verified"":false,""compatibility_verified"":false,""price_verified"":false,""shipping_cost_verified"":false,""supplier_stock_verified"":false,""decision"":""HOLD""}","{""source_price_krw"":5302.9,""source_shipping_krw"":0,""int_shipping_krw"":0,""platform_fee"":1128,""payment_fee"":282,""return_buffer"":470,""final_landed_cost"":7182.9,""final_margin_rate"":0.2358617021276596}","{""selling_title_draft"":""[규격 확인] [자동번역] cable management clip - 상품 6"",""short_description"":"""",""key_specifications"":""Material: Metal, Size: 1/4 to 3/8, Keyword Intent: PROBLEM_SOLVE"",""package_components"":""1x Screw Adapter"",""compatible_with"":"""",""not_compatible_with"":"""",""usage_notice"":"""",""size_notice"":"""",""shipping_notice"":"""",""return_notice"":"""",""overseas_purchase_notice"":"""",""customer_check_before_order"":"""",""blockers"":[],""warnings"":[]}"
RAW_cable_management_clip_10_w3p42,[자동번역] cable management clip - 상품 10,OFFICE,https://item.taobao.com/item.htm?id=RAW_cable_management_clip_10_w3p42,REVIEW_ONLY,COLLECTED,BLOCKED_BY_REVIEW_REQUIRED,REVIEW_ONLY,[],[],"[""국내에서 구하기 불편한 부속품"",""판매 흔적 존재""]",[],0.40995854922279795,2,100,"평점 4.8 초과, 배송 신뢰도 높음",OPTION_MISSING,MEDIUM,NONE,22775.6,38600,2026-04-26T10:43:07.168Z,,,,,,,,,70,30,"{""intent"":""SPEC_MATCH"",""buyer"":""PROFESSIONAL""}","{""title"":""cable management clip - Item 10"",""price"":""79.24"",""shipping_fee"":""0.00"",""option_name"":""Type A"",""spec_text"":""Size: Standard"",""component_text"":"""",""seller_name"":""Great Parts Store"",""review_count"":""2"",""rating"":""5.0"",""stock_status"":""IN_STOCK"",""shipping_reliability_hint"":""FAST"",""recent_sales_hint"":""EXIST"",""checked_at"":""2026-04-26T10:43:07.161Z""}","{""original_page_checked"":false,""spec_verified"":false,""component_verified"":false,""compatibility_verified"":false,""price_verified"":false,""shipping_cost_verified"":false,""supplier_stock_verified"":false,""decision"":""HOLD""}","{""source_price_krw"":15055.599999999999,""source_shipping_krw"":0,""int_shipping_krw"":0,""platform_fee"":4632,""payment_fee"":1158,""return_buffer"":1930,""final_landed_cost"":22775.6,""final_margin_rate"":0.40995854922279795}","{""selling_title_draft"":""[규격 확인] [자동번역] cable management clip - 상품 10"",""short_description"":"""",""key_specifications"":""Size: Standard"",""package_components"":"""",""compatible_with"":"""",""not_compatible_with"":"""",""usage_notice"":"""",""size_notice"":"""",""shipping_notice"":"""",""return_notice"":"""",""overseas_purchase_notice"":"""",""customer_check_before_order"":"""",""blockers"":[""주요 스펙 누락"",""구성품 정보 누락"",""옵션 규격 불명확""],""warnings"":[]}"
RAW_cable_management_clip_11_6fumb,[자동번역] cable management clip - 상품 11,OFFICE,https://item.taobao.com/item.htm?id=RAW_cable_management_clip_11_6fumb,REVIEW_ONLY,COLLECTED,BLOCKED_BY_REVIEW_REQUIRED,REVIEW_ONLY,[],[],"[""반복구매/소모품 성격"",""국내에서 구하기 불편한 부속품"",""판매 흔적 존재""]",[],0.2704880952380953,5,100,리뷰 100건 이상,OPTION_MISSING,MEDIUM,NONE,6127.9,8400,2026-04-26T10:43:07.168Z,,,,,,,,,70,30,"{""intent"":""SPEC_MATCH"",""buyer"":""PROFESSIONAL""}","{""title"":""cable management clip - Item 11"",""price"":""23.41"",""shipping_fee"":""0.00"",""option_name"":""Type A"",""spec_text"":""Size: Standard"",""component_text"":""1x Screw Adapter"",""seller_name"":""Great Parts Store"",""review_count"":""750"",""rating"":""4.3"",""stock_status"":""IN_STOCK"",""shipping_reliability_hint"":""NORMAL"",""recent_sales_hint"":""EXIST"",""checked_at"":""2026-04-26T10:43:07.161Z""}","{""original_page_checked"":false,""spec_verified"":false,""component_verified"":false,""compatibility_verified"":false,""price_verified"":false,""shipping_cost_verified"":false,""supplier_stock_verified"":false,""decision"":""HOLD""}","{""source_price_krw"":4447.9,""source_shipping_krw"":0,""int_shipping_krw"":0,""platform_fee"":1008,""payment_fee"":252,""return_buffer"":420,""final_landed_cost"":6127.9,""final_margin_rate"":0.2704880952380953}","{""selling_title_draft"":""[규격 확인] [자동번역] cable management clip - 상품 11"",""short_description"":"""",""key_specifications"":""Size: Standard"",""package_components"":""1x Screw Adapter"",""compatible_with"":"""",""not_compatible_with"":"""",""usage_notice"":"""",""size_notice"":"""",""shipping_notice"":"""",""return_notice"":"""",""overseas_purchase_notice"":"""",""customer_check_before_order"":"""",""blockers"":[""주요 스펙 누락"",""옵션 규격 불명확""],""warnings"":[]}"
RAW_cable_management_clip_18_yxe5k,[자동번역] cable management clip - 상품 18,OFFICE,https://item.taobao.com/item.htm?id=RAW_cable_management_clip_18_yxe5k,REVIEW_ONLY,COLLECTED,BLOCKED_BY_REVIEW_REQUIRED,REVIEW_ONLY,[],[],"[""반복구매/소모품 성격"",""국내에서 구하기 불편한 부속품""]",[],0.3616764044943821,9,100,리뷰 100건 이상,DETAIL_PAGE_NEEDS_WORK,HIGH,NONE,28405.399999999998,44500,2026-04-26T10:43:07.168Z,,,,,,1,,,80,30,"{""intent"":""SPEC_MATCH"",""buyer"":""PROFESSIONAL""}","{""title"":""cable management clip - Item 18"",""price"":""102.66"",""shipping_fee"":""0.00"",""option_name"":""1/4"",""spec_text"":""Material: Metal, Size: 1/4 to 3/8, Keyword Intent: PROBLEM_SOLVE"",""component_text"":""1x Screw Adapter"",""seller_name"":""Great Parts Store"",""review_count"":""950"",""rating"":""4.7"",""stock_status"":""IN_STOCK"",""shipping_reliability_hint"":""NORMAL"",""recent_sales_hint"":""EXIST"",""checked_at"":""2026-04-26T10:43:07.162Z""}","{""original_page_checked"":false,""spec_verified"":false,""component_verified"":false,""compatibility_verified"":false,""price_verified"":false,""shipping_cost_verified"":false,""supplier_stock_verified"":false,""decision"":""HOLD""}","{""source_price_krw"":19505.399999999998,""source_shipping_krw"":0,""int_shipping_krw"":0,""platform_fee"":5340,""payment_fee"":1335,""return_buffer"":2225,""final_landed_cost"":28405.399999999998,""final_margin_rate"":0.3616764044943821}","{""selling_title_draft"":""[규격 확인] [자동번역] cable management clip - 상품 18"",""short_description"":"""",""key_specifications"":""Material: Metal, Size: 1/4 to 3/8, Keyword Intent: PROBLEM_SOLVE"",""package_components"":""1x Screw Adapter"",""compatible_with"":"""",""not_compatible_with"":"""",""usage_notice"":"""",""size_notice"":"""",""shipping_notice"":"""",""return_notice"":"""",""overseas_purchase_notice"":"""",""customer_check_before_order"":"""",""blockers"":[],""warnings"":[]}"
RAW_rubber_bumper_pad_2_uhyjf,[자동번역] rubber bumper pad - 상품 2,HARDWARE,https://item.taobao.com/item.htm?id=RAW_rubber_bumper_pad_2_uhyjf,REVIEW_ONLY,COLLECTED,BLOCKED_BY_REVIEW_REQUIRED,REVIEW_ONLY,[],[],"[""반복구매/소모품 성격"",""국내에서 구하기 불편한 부속품"",""판매 흔적 존재""]",[],0.43843113772455083,2,81,"배송 신뢰도 높음, 리뷰 및 평점 근거 부족",OPTION_MISSING,HIGH,NONE,18756.4,33400,2026-04-26T10:43:07.168Z,,,,,,,,,80,30,"{""intent"":""SPEC_MATCH"",""buyer"":""PROFESSIONAL""}","{""title"":""rubber bumper pad - Item 2"",""price"":""63.56"",""shipping_fee"":""0.00"",""option_name"":""Type A"",""spec_text"":""Material: Metal, Size: 1/4 to 3/8, Keyword Intent: PROBLEM_SOLVE"",""component_text"":""1x Screw Adapter"",""seller_name"":""Great Parts Store"",""review_count"":""4"",""rating"":""4.1"",""stock_status"":""IN_STOCK"",""shipping_reliability_hint"":""FAST"",""recent_sales_hint"":""EXIST"",""checked_at"":""2026-04-26T10:43:07.162Z""}","{""original_page_checked"":false,""spec_verified"":false,""component_verified"":false,""compatibility_verified"":false,""price_verified"":false,""shipping_cost_verified"":false,""supplier_stock_verified"":false,""decision"":""HOLD""}","{""source_price_krw"":12076.4,""source_shipping_krw"":0,""int_shipping_krw"":0,""platform_fee"":4008,""payment_fee"":1002,""return_buffer"":1670,""final_landed_cost"":18756.4,""final_margin_rate"":0.43843113772455083}","{""selling_title_draft"":""[규격 확인] [자동번역] rubber bumper pad - 상품 2"",""short_description"":"""",""key_specifications"":""Material: Metal, Size: 1/4 to 3/8, Keyword Intent: PROBLEM_SOLVE"",""package_components"":""1x Screw Adapter"",""compatible_with"":"""",""not_compatible_with"":"""",""usage_notice"":"""",""size_notice"":"""",""shipping_notice"":"""",""return_notice"":"""",""overseas_purchase_notice"":"""",""customer_check_before_order"":"""",""blockers"":[""옵션 규격 불명확""],""warnings"":[]}"
RAW_rubber_bumper_pad_3_l0bbc,[자동번역] rubber bumper pad - 상품 3,HARDWARE,https://item.taobao.com/item.htm?id=RAW_rubber_bumper_pad_3_l0bbc,REVIEW_ONLY,COLLECTED,BLOCKED_BY_REVIEW_REQUIRED,REVIEW_ONLY,[],[],"[""반복구매/소모품 성격"",""국내에서 구하기 불편한 부속품""]",[],0.36907305936073054,7,76,리뷰 및 평점 근거 부족,SUPPLIER_EVIDENCE_WEAK,HIGH,NONE,13817.300000000001,21900,2026-04-26T10:43:07.168Z,,,,,,1,,,80,30,"{""intent"":""SPEC_MATCH"",""buyer"":""PROFESSIONAL""}","{""title"":""rubber bumper pad - Item 3"",""price"":""49.67"",""shipping_fee"":""0.00"",""option_name"":""1/4"",""spec_text"":""Material: Metal, Size: 1/4 to 3/8, Keyword Intent: PROBLEM_SOLVE"",""component_text"":""1x Screw Adapter"",""seller_name"":""Great Parts Store"",""review_count"":""0"",""rating"":""4.3"",""stock_status"":""IN_STOCK"",""shipping_reliability_hint"":""NORMAL"",""recent_sales_hint"":""EXIST"",""checked_at"":""2026-04-26T10:43:07.162Z""}","{""original_page_checked"":false,""spec_verified"":false,""component_verified"":false,""compatibility_verified"":false,""price_verified"":false,""shipping_cost_verified"":false,""supplier_stock_verified"":false,""decision"":""HOLD""}","{""source_price_krw"":9437.300000000001,""source_shipping_krw"":0,""int_shipping_krw"":0,""platform_fee"":2628,""payment_fee"":657,""return_buffer"":1095,""final_landed_cost"":13817.300000000001,""final_margin_rate"":0.36907305936073054}","{""selling_title_draft"":""[규격 확인] [자동번역] rubber bumper pad - 상품 3"",""short_description"":"""",""key_specifications"":""Material: Metal, Size: 1/4 to 3/8, Keyword Intent: PROBLEM_SOLVE"",""package_components"":""1x Screw Adapter"",""compatible_with"":"""",""not_compatible_with"":"""",""usage_notice"":"""",""size_notice"":"""",""shipping_notice"":"""",""return_notice"":"""",""overseas_purchase_notice"":"""",""customer_check_before_order"":"""",""blockers"":[],""warnings"":[]}"
RAW_rubber_bumper_pad_6_vfe5t,[자동번역] rubber bumper pad - 상품 6,HARDWARE,https://item.taobao.com/item.htm?id=RAW_rubber_bumper_pad_6_vfe5t,REVIEW_ONLY,COLLECTED,BLOCKED_BY_REVIEW_REQUIRED,REVIEW_ONLY,[],[],"[""반복구매/소모품 성격"",""국내에서 구하기 불편한 부속품"",""판매 흔적 존재""]",[],0.42761979166666664,10,100,"리뷰 100건 이상, 배송 신뢰도 높음",COMPONENT_MISSING,HIGH,NONE,10989.7,19200,2026-04-26T10:43:07.168Z,,,,,,,,,80,30,"{""intent"":""SPEC_MATCH"",""buyer"":""PROFESSIONAL""}","{""title"":""rubber bumper pad - Item 6"",""price"":""37.63"",""shipping_fee"":""0.00"",""option_name"":""1/4"",""spec_text"":""Material: Metal, Size: 1/4 to 3/8, Keyword Intent: PROBLEM_SOLVE"",""component_text"":"""",""seller_name"":""Great Parts Store"",""review_count"":""827"",""rating"":""4.2"",""stock_status"":""IN_STOCK"",""shipping_reliability_hint"":""FAST"",""recent_sales_hint"":""EXIST"",""checked_at"":""2026-04-26T10:43:07.162Z""}","{""original_page_checked"":false,""spec_verified"":false,""component_verified"":false,""compatibility_verified"":false,""price_verified"":false,""shipping_cost_verified"":false,""supplier_stock_verified"":false,""decision"":""HOLD""}","{""source_price_krw"":7149.700000000001,""source_shipping_krw"":0,""int_shipping_krw"":0,""platform_fee"":2304,""payment_fee"":576,""return_buffer"":960,""final_landed_cost"":10989.7,""final_margin_rate"":0.42761979166666664}","{""selling_title_draft"":""[규격 확인] [자동번역] rubber bumper pad - 상품 6"",""short_description"":"""",""key_specifications"":""Material: Metal, Size: 1/4 to 3/8, Keyword Intent: PROBLEM_SOLVE"",""package_components"":"""",""compatible_with"":"""",""not_compatible_with"":"""",""usage_notice"":"""",""size_notice"":"""",""shipping_notice"":"""",""return_notice"":"""",""overseas_purchase_notice"":"""",""customer_check_before_order"":"""",""blockers"":[""구성품 정보 누락""],""warnings"":[]}"
RAW_rubber_bumper_pad_9_etrz1,[자동번역] rubber bumper pad - 상품 9,HARDWARE,https://item.taobao.com/item.htm?id=RAW_rubber_bumper_pad_9_etrz1,REVIEW_ONLY,COLLECTED,BLOCKED_BY_REVIEW_REQUIRED,REVIEW_ONLY,[],[],"[""국내에서 구하기 불편한 부속품"",""판매 흔적 존재""]",[],0.2986923076923077,3,100,배송 신뢰도 높음,MARGIN_UNCERTAIN,MEDIUM,NONE,27351,39000,2026-04-26T10:43:07.168Z,,,,,,1,,,80,30,"{""intent"":""SPEC_MATCH"",""buyer"":""PROFESSIONAL""}","{""title"":""rubber bumper pad - Item 9"",""price"":""102.90"",""shipping_fee"":""0.00"",""option_name"":""1/4"",""spec_text"":""Material: Metal, Size: 1/4 to 3/8, Keyword Intent: PROBLEM_SOLVE"",""component_text"":""1x Screw Adapter"",""seller_name"":""Great Parts Store"",""review_count"":""2"",""rating"":""4.5"",""stock_status"":""IN_STOCK"",""shipping_reliability_hint"":""FAST"",""recent_sales_hint"":""EXIST"",""checked_at"":""2026-04-26T10:43:07.162Z""}","{""original_page_checked"":false,""spec_verified"":false,""component_verified"":false,""compatibility_verified"":false,""price_verified"":false,""shipping_cost_verified"":false,""supplier_stock_verified"":false,""decision"":""HOLD""}","{""source_price_krw"":19551,""source_shipping_krw"":0,""int_shipping_krw"":0,""platform_fee"":4680,""payment_fee"":1170,""return_buffer"":1950,""final_landed_cost"":27351,""final_margin_rate"":0.2986923076923077}","{""selling_title_draft"":""[규격 확인] [자동번역] rubber bumper pad - 상품 9"",""short_description"":"""",""key_specifications"":""Material: Metal, Size: 1/4 to 3/8, Keyword Intent: PROBLEM_SOLVE"",""package_components"":""1x Screw Adapter"",""compatible_with"":"""",""not_compatible_with"":"""",""usage_notice"":"""",""size_notice"":"""",""shipping_notice"":"""",""return_notice"":"""",""overseas_purchase_notice"":"""",""customer_check_before_order"":"""",""blockers"":[],""warnings"":[]}"
RAW_rubber_bumper_pad_11_0mob2,[자동번역] rubber bumper pad - 상품 11,HARDWARE,https://item.taobao.com/item.htm?id=RAW_rubber_bumper_pad_11_0mob2,REVIEW_ONLY,COLLECTED,BLOCKED_BY_REVIEW_REQUIRED,REVIEW_ONLY,[],[],"[""반복구매/소모품 성격"",""국내에서 구하기 불편한 부속품""]",[],0.35953529411764706,9,100,리뷰 100건 이상,OPTION_MISSING,HIGH,NONE,10887.9,17000,2026-04-26T10:43:07.169Z,,,,,,,,,70,30,"{""intent"":""SPEC_MATCH"",""buyer"":""PROFESSIONAL""}","{""title"":""rubber bumper pad - Item 11"",""price"":""39.41"",""shipping_fee"":""0.00"",""option_name"":""Type A"",""spec_text"":""Size: Standard"",""component_text"":""1x Screw Adapter"",""seller_name"":""Great Parts Store"",""review_count"":""646"",""rating"":""4.7"",""stock_status"":""IN_STOCK"",""shipping_reliability_hint"":""NORMAL"",""recent_sales_hint"":""EXIST"",""checked_at"":""2026-04-26T10:43:07.162Z""}","{""original_page_checked"":false,""spec_verified"":false,""component_verified"":false,""compatibility_verified"":false,""price_verified"":false,""shipping_cost_verified"":false,""supplier_stock_verified"":false,""decision"":""HOLD""}","{""source_price_krw"":7487.9,""source_shipping_krw"":0,""int_shipping_krw"":0,""platform_fee"":2040,""payment_fee"":510,""return_buffer"":850,""final_landed_cost"":10887.9,""final_margin_rate"":0.35953529411764706}","{""selling_title_draft"":""[규격 확인] [자동번역] rubber bumper pad - 상품 11"",""short_description"":"""",""key_specifications"":""Size: Standard"",""package_components"":""1x Screw Adapter"",""compatible_with"":"""",""not_compatible_with"":"""",""usage_notice"":"""",""size_notice"":"""",""shipping_notice"":"""",""return_notice"":"""",""overseas_purchase_notice"":"""",""customer_check_before_order"":"""",""blockers"":[""주요 스펙 누락"",""옵션 규격 불명확""],""warnings"":[]}"
RAW_bicycle_valve_adapter_3_26qxf,[자동번역] bicycle valve adapter - 상품 3,BICYCLE,https://item.taobao.com/item.htm?id=RAW_bicycle_valve_adapter_3_26qxf,REVIEW_ONLY,COLLECTED,BLOCKED_BY_REVIEW_REQUIRED,REVIEW_ONLY,[],[],"[""반복구매/소모품 성격"",""판매 흔적 존재""]",[],0.38048000000000004,6,100,"리뷰 100건 이상, 배송 신뢰도 높음",DETAIL_PAGE_NEEDS_WORK,HIGH,NONE,3097.6,5000,2026-04-26T10:43:07.169Z,,,,,,1,,,80,30,"{""intent"":""SPEC_MATCH"",""buyer"":""PROFESSIONAL""}","{""title"":""bicycle valve adapter - Item 3"",""price"":""11.04"",""shipping_fee"":""0.00"",""option_name"":""1/4"",""spec_text"":""Material: Metal, Size: 1/4 to 3/8, Keyword Intent: SPEC_MATCH"",""component_text"":""1x Screw Adapter"",""seller_name"":""Great Parts Store"",""review_count"":""912"",""rating"":""4.2"",""stock_status"":""IN_STOCK"",""shipping_reliability_hint"":""FAST"",""recent_sales_hint"":""EXIST"",""checked_at"":""2026-04-26T10:43:07.162Z""}","{""original_page_checked"":false,""spec_verified"":false,""component_verified"":false,""compatibility_verified"":false,""price_verified"":false,""shipping_cost_verified"":false,""supplier_stock_verified"":false,""decision"":""HOLD""}","{""source_price_krw"":2097.6,""source_shipping_krw"":0,""int_shipping_krw"":0,""platform_fee"":600,""payment_fee"":150,""return_buffer"":250,""final_landed_cost"":3097.6,""final_margin_rate"":0.38048000000000004}","{""selling_title_draft"":""[규격 확인] [자동번역] bicycle valve adapter - 상품 3"",""short_description"":"""",""key_specifications"":""Material: Metal, Size: 1/4 to 3/8, Keyword Intent: SPEC_MATCH"",""package_components"":""1x Screw Adapter"",""compatible_with"":"""",""not_compatible_with"":"""",""usage_notice"":"""",""size_notice"":"""",""shipping_notice"":"""",""return_notice"":"""",""overseas_purchase_notice"":"""",""customer_check_before_order"":"""",""blockers"":[],""warnings"":[]}"
RAW_bicycle_valve_adapter_6_jnvwx,[자동번역] bicycle valve adapter - 상품 6,BICYCLE,https://item.taobao.com/item.htm?id=RAW_bicycle_valve_adapter_6_jnvwx,REVIEW_ONLY,COLLECTED,BLOCKED_BY_REVIEW_REQUIRED,REVIEW_ONLY,[],[],"[""국내에서 구하기 불편한 부속품"",""판매 흔적 존재""]",[],0.4539019607843137,9,100,"평점 4.8 초과, 배송 신뢰도 높음",DETAIL_PAGE_NEEDS_WORK,HIGH,NONE,5570.2,10200,2026-04-26T10:43:07.169Z,,,,,,,,,70,30,"{""intent"":""SPEC_MATCH"",""buyer"":""PROFESSIONAL""}","{""title"":""bicycle valve adapter - Item 6"",""price"":""18.58"",""shipping_fee"":""0.00"",""option_name"":""1/4"",""spec_text"":""Size: Standard"",""component_text"":""1x Screw Adapter"",""seller_name"":""Great Parts Store"",""review_count"":""2"",""rating"":""4.9"",""stock_status"":""IN_STOCK"",""shipping_reliability_hint"":""FAST"",""recent_sales_hint"":""EXIST"",""checked_at"":""2026-04-26T10:43:07.162Z""}","{""original_page_checked"":false,""spec_verified"":false,""component_verified"":false,""compatibility_verified"":false,""price_verified"":false,""shipping_cost_verified"":false,""supplier_stock_verified"":false,""decision"":""HOLD""}","{""source_price_krw"":3530.2,""source_shipping_krw"":0,""int_shipping_krw"":0,""platform_fee"":1224,""payment_fee"":306,""return_buffer"":510,""final_landed_cost"":5570.2,""final_margin_rate"":0.4539019607843137}","{""selling_title_draft"":""[규격 확인] [자동번역] bicycle valve adapter - 상품 6"",""short_description"":"""",""key_specifications"":""Size: Standard"",""package_components"":""1x Screw Adapter"",""compatible_with"":"""",""not_compatible_with"":"""",""usage_notice"":"""",""size_notice"":"""",""shipping_notice"":"""",""return_notice"":"""",""overseas_purchase_notice"":"""",""customer_check_before_order"":"""",""blockers"":[""주요 스펙 누락""],""warnings"":[]}"
RAW_bicycle_valve_adapter_7_5rtgz,[자동번역] bicycle valve adapter - 상품 7,BICYCLE,https://item.taobao.com/item.htm?id=RAW_bicycle_valve_adapter_7_5rtgz,REVIEW_ONLY,COLLECTED,BLOCKED_BY_REVIEW_REQUIRED,REVIEW_ONLY,[],[],"[""반복구매/소모품 성격"",""국내에서 구하기 불편한 부속품""]",[],0.43839037433155076,9,100,"리뷰 100건 이상, 배송 신뢰도 높음",OPTION_MISSING,HIGH,NONE,10502.1,18700,2026-04-26T10:43:07.169Z,,,,,,,,,80,30,"{""intent"":""SPEC_MATCH"",""buyer"":""PROFESSIONAL""}","{""title"":""bicycle valve adapter - Item 7"",""price"":""35.59"",""shipping_fee"":""0.00"",""option_name"":""Type A"",""spec_text"":""Material: Metal, Size: 1/4 to 3/8, Keyword Intent: SPEC_MATCH"",""component_text"":"""",""seller_name"":""Great Parts Store"",""review_count"":""133"",""rating"":""4.3"",""stock_status"":""IN_STOCK"",""shipping_reliability_hint"":""FAST"",""recent_sales_hint"":""EXIST"",""checked_at"":""2026-04-26T10:43:07.162Z""}","{""original_page_checked"":false,""spec_verified"":false,""component_verified"":false,""compatibility_verified"":false,""price_verified"":false,""shipping_cost_verified"":false,""supplier_stock_verified"":false,""decision"":""HOLD""}","{""source_price_krw"":6762.1,""source_shipping_krw"":0,""int_shipping_krw"":0,""platform_fee"":2244,""payment_fee"":561,""return_buffer"":935,""final_landed_cost"":10502.1,""final_margin_rate"":0.43839037433155076}","{""selling_title_draft"":""[규격 확인] [자동번역] bicycle valve adapter - 상품 7"",""short_description"":"""",""key_specifications"":""Material: Metal, Size: 1/4 to 3/8, Keyword Intent: SPEC_MATCH"",""package_components"":"""",""compatible_with"":"""",""not_compatible_with"":"""",""usage_notice"":"""",""size_notice"":"""",""shipping_notice"":"""",""return_notice"":"""",""overseas_purchase_notice"":"""",""customer_check_before_order"":"""",""blockers"":[""구성품 정보 누락"",""옵션 규격 불명확""],""warnings"":[]}"
RAW_bicycle_valve_adapter_8_ehdt7,[자동번역] bicycle valve adapter - 상품 8,BICYCLE,https://item.taobao.com/item.htm?id=RAW_bicycle_valve_adapter_8_ehdt7,REVIEW_ONLY,COLLECTED,BLOCKED_BY_REVIEW_REQUIRED,REVIEW_ONLY,[],[],"[""반복구매/소모품 성격"",""국내에서 구하기 불편한 부속품""]",[],0.2852482269503546,5,100,리뷰 100건 이상,OPTION_MISSING,MEDIUM,NONE,20156,28200,2026-04-26T10:43:07.169Z,,,,,,,,,80,30,"{""intent"":""SPEC_MATCH"",""buyer"":""PROFESSIONAL""}","{""title"":""bicycle valve adapter - Item 8"",""price"":""76.40"",""shipping_fee"":""0.00"",""option_name"":""Type A"",""spec_text"":""Material: Metal, Size: 1/4 to 3/8, Keyword Intent: SPEC_MATCH"",""component_text"":"""",""seller_name"":""Great Parts Store"",""review_count"":""562"",""rating"":""4.8"",""stock_status"":""IN_STOCK"",""shipping_reliability_hint"":""NORMAL"",""recent_sales_hint"":""EXIST"",""checked_at"":""2026-04-26T10:43:07.162Z""}","{""original_page_checked"":false,""spec_verified"":false,""component_verified"":false,""compatibility_verified"":false,""price_verified"":false,""shipping_cost_verified"":false,""supplier_stock_verified"":false,""decision"":""HOLD""}","{""source_price_krw"":14516.000000000002,""source_shipping_krw"":0,""int_shipping_krw"":0,""platform_fee"":3384,""payment_fee"":846,""return_buffer"":1410,""final_landed_cost"":20156,""final_margin_rate"":0.2852482269503546}","{""selling_title_draft"":""[규격 확인] [자동번역] bicycle valve adapter - 상품 8"",""short_description"":"""",""key_specifications"":""Material: Metal, Size: 1/4 to 3/8, Keyword Intent: SPEC_MATCH"",""package_components"":"""",""compatible_with"":"""",""not_compatible_with"":"""",""usage_notice"":"""",""size_notice"":"""",""shipping_notice"":"""",""return_notice"":"""",""overseas_purchase_notice"":"""",""customer_check_before_order"":"""",""blockers"":[""구성품 정보 누락"",""옵션 규격 불명확""],""warnings"":[]}"
RAW_bicycle_valve_adapter_9_7dynj,[자동번역] bicycle valve adapter - 상품 9,BICYCLE,https://item.taobao.com/item.htm?id=RAW_bicycle_valve_adapter_9_7dynj,REVIEW_ONLY,COLLECTED,BLOCKED_BY_REVIEW_REQUIRED,REVIEW_ONLY,[],[],"[""반복구매/소모품 성격"",""판매 흔적 존재""]",[],0.46665040650406503,10,100,리뷰 100건 이상,DETAIL_PAGE_NEEDS_WORK,HIGH,NONE,26240.8,49200,2026-04-26T10:43:07.169Z,,,,,,,,,70,30,"{""intent"":""SPEC_MATCH"",""buyer"":""PROFESSIONAL""}","{""title"":""bicycle valve adapter - Item 9"",""price"":""86.32"",""shipping_fee"":""0.00"",""option_name"":""1/4"",""spec_text"":""Size: Standard"",""component_text"":""1x Screw Adapter"",""seller_name"":""Great Parts Store"",""review_count"":""112"",""rating"":""4.4"",""stock_status"":""IN_STOCK"",""shipping_reliability_hint"":""NORMAL"",""recent_sales_hint"":""EXIST"",""checked_at"":""2026-04-26T10:43:07.162Z""}","{""original_page_checked"":false,""spec_verified"":false,""component_verified"":false,""compatibility_verified"":false,""price_verified"":false,""shipping_cost_verified"":false,""supplier_stock_verified"":false,""decision"":""HOLD""}","{""source_price_krw"":16400.8,""source_shipping_krw"":0,""int_shipping_krw"":0,""platform_fee"":5904,""payment_fee"":1476,""return_buffer"":2460,""final_landed_cost"":26240.8,""final_margin_rate"":0.46665040650406503}","{""selling_title_draft"":""[규격 확인] [자동번역] bicycle valve adapter - 상품 9"",""short_description"":"""",""key_specifications"":""Size: Standard"",""package_components"":""1x Screw Adapter"",""compatible_with"":"""",""not_compatible_with"":"""",""usage_notice"":"""",""size_notice"":"""",""shipping_notice"":"""",""return_notice"":"""",""overseas_purchase_notice"":"""",""customer_check_before_order"":"""",""blockers"":[""주요 스펙 누락""],""warnings"":[]}"
RAW_bicycle_valve_adapter_10_vhd9a,[자동번역] bicycle valve adapter - 상품 10,BICYCLE,https://item.taobao.com/item.htm?id=RAW_bicycle_valve_adapter_10_vhd9a,REVIEW_ONLY,COLLECTED,BLOCKED_BY_REVIEW_REQUIRED,REVIEW_ONLY,[],[],"[""반복구매/소모품 성격"",""판매 흔적 존재""]",[],0.4099316239316239,10,100,리뷰 100건 이상,OPTION_MISSING,HIGH,NONE,20711.4,35100,2026-04-26T10:43:07.169Z,,,,,,,,,70,30,"{""intent"":""SPEC_MATCH"",""buyer"":""PROFESSIONAL""}","{""title"":""bicycle valve adapter - Item 10"",""price"":""72.06"",""shipping_fee"":""0.00"",""option_name"":""Type A"",""spec_text"":""Size: Standard"",""component_text"":""1x Screw Adapter"",""seller_name"":""Great Parts Store"",""review_count"":""180"",""rating"":""4.0"",""stock_status"":""IN_STOCK"",""shipping_reliability_hint"":""NORMAL"",""recent_sales_hint"":""EXIST"",""checked_at"":""2026-04-26T10:43:07.162Z""}","{""original_page_checked"":false,""spec_verified"":false,""component_verified"":false,""compatibility_verified"":false,""price_verified"":false,""shipping_cost_verified"":false,""supplier_stock_verified"":false,""decision"":""HOLD""}","{""source_price_krw"":13691.4,""source_shipping_krw"":0,""int_shipping_krw"":0,""platform_fee"":4212,""payment_fee"":1053,""return_buffer"":1755,""final_landed_cost"":20711.4,""final_margin_rate"":0.4099316239316239}","{""selling_title_draft"":""[규격 확인] [자동번역] bicycle valve adapter - 상품 10"",""short_description"":"""",""key_specifications"":""Size: Standard"",""package_components"":""1x Screw Adapter"",""compatible_with"":"""",""not_compatible_with"":"""",""usage_notice"":"""",""size_notice"":"""",""shipping_notice"":"""",""return_notice"":"""",""overseas_purchase_notice"":"""",""customer_check_before_order"":"""",""blockers"":[""주요 스펙 누락"",""옵션 규격 불명확""],""warnings"":[]}"
RAW_bicycle_valve_adapter_11_m9raf,[자동번역] bicycle valve adapter - 상품 11,BICYCLE,https://item.taobao.com/item.htm?id=RAW_bicycle_valve_adapter_11_m9raf,REVIEW_ONLY,COLLECTED,BLOCKED_BY_REVIEW_REQUIRED,REVIEW_ONLY,[],[],"[""반복구매/소모품 성격"",""국내에서 구하기 불편한 부속품"",""판매 흔적 존재""]",[],0.26298113207547164,4,100,리뷰 100건 이상,OPTION_MISSING,MEDIUM,NONE,15624.800000000001,21200,2026-04-26T10:43:07.169Z,,,,,,,,,70,30,"{""intent"":""SPEC_MATCH"",""buyer"":""PROFESSIONAL""}","{""title"":""bicycle valve adapter - Item 11"",""price"":""59.92"",""shipping_fee"":""0.00"",""option_name"":""Type A"",""spec_text"":""Size: Standard"",""component_text"":""1x Screw Adapter"",""seller_name"":""Great Parts Store"",""review_count"":""994"",""rating"":""4.8"",""stock_status"":""IN_STOCK"",""shipping_reliability_hint"":""NORMAL"",""recent_sales_hint"":""EXIST"",""checked_at"":""2026-04-26T10:43:07.162Z""}","{""original_page_checked"":false,""spec_verified"":false,""component_verified"":false,""compatibility_verified"":false,""price_verified"":false,""shipping_cost_verified"":false,""supplier_stock_verified"":false,""decision"":""HOLD""}","{""source_price_krw"":11384.800000000001,""source_shipping_krw"":0,""int_shipping_krw"":0,""platform_fee"":2544,""payment_fee"":636,""return_buffer"":1060,""final_landed_cost"":15624.800000000001,""final_margin_rate"":0.26298113207547164}","{""selling_title_draft"":""[규격 확인] [자동번역] bicycle valve adapter - 상품 11"",""short_description"":"""",""key_specifications"":""Size: Standard"",""package_components"":""1x Screw Adapter"",""compatible_with"":"""",""not_compatible_with"":"""",""usage_notice"":"""",""size_notice"":"""",""shipping_notice"":"""",""return_notice"":"""",""overseas_purchase_notice"":"""",""customer_check_before_order"":"""",""blockers"":[""주요 스펙 누락"",""옵션 규격 불명확""],""warnings"":[]}"
RAW_bicycle_valve_adapter_12_usgcy,[자동번역] bicycle valve adapter - 상품 12,BICYCLE,https://item.taobao.com/item.htm?id=RAW_bicycle_valve_adapter_12_usgcy,REVIEW_ONLY,COLLECTED,BLOCKED_BY_REVIEW_REQUIRED,REVIEW_ONLY,[],[],"[""반복구매/소모품 성격"",""판매 흔적 존재""]",[],0.3816586826347306,1,100,"리뷰 100건 이상, 배송 신뢰도 높음",DETAIL_PAGE_NEEDS_WORK,HIGH,NONE,10326.3,16700,2026-04-26T10:43:07.169Z,,,,,,1,,,80,30,"{""intent"":""SPEC_MATCH"",""buyer"":""PROFESSIONAL""}","{""title"":""bicycle valve adapter - Item 12"",""price"":""36.77"",""shipping_fee"":""0.00"",""option_name"":""1/4"",""spec_text"":""Material: Metal, Size: 1/4 to 3/8, Keyword Intent: SPEC_MATCH"",""component_text"":""1x Screw Adapter"",""seller_name"":""Great Parts Store"",""review_count"":""651"",""rating"":""4.4"",""stock_status"":""IN_STOCK"",""shipping_reliability_hint"":""FAST"",""recent_sales_hint"":""EXIST"",""checked_at"":""2026-04-26T10:43:07.162Z""}","{""original_page_checked"":false,""spec_verified"":false,""component_verified"":false,""compatibility_verified"":false,""price_verified"":false,""shipping_cost_verified"":false,""supplier_stock_verified"":false,""decision"":""HOLD""}","{""source_price_krw"":6986.3,""source_shipping_krw"":0,""int_shipping_krw"":0,""platform_fee"":2004,""payment_fee"":501,""return_buffer"":835,""final_landed_cost"":10326.3,""final_margin_rate"":0.3816586826347306}","{""selling_title_draft"":""[규격 확인] [자동번역] bicycle valve adapter - 상품 12"",""short_description"":"""",""key_specifications"":""Material: Metal, Size: 1/4 to 3/8, Keyword Intent: SPEC_MATCH"",""package_components"":""1x Screw Adapter"",""compatible_with"":"""",""not_compatible_with"":"""",""usage_notice"":"""",""size_notice"":"""",""shipping_notice"":"""",""return_notice"":"""",""overseas_purchase_notice"":"""",""customer_check_before_order"":"""",""blockers"":[],""warnings"":[]}"
RAW_bicycle_valve_adapter_14_385pj,[자동번역] bicycle valve adapter - 상품 14,BICYCLE,https://item.taobao.com/item.htm?id=RAW_bicycle_valve_adapter_14_385pj,REVIEW_ONLY,COLLECTED,BLOCKED_BY_REVIEW_REQUIRED,REVIEW_ONLY,[],[],"[""국내에서 구하기 불편한 부속품"",""판매 흔적 존재""]",[],0.28003333333333336,4,100,리뷰 100건 이상,OPTION_MISSING,MEDIUM,NONE,6479.7,9000,2026-04-26T10:43:07.169Z,,,,,,,,,70,30,"{""intent"":""SPEC_MATCH"",""buyer"":""PROFESSIONAL""}","{""title"":""bicycle valve adapter - Item 14"",""price"":""24.63"",""shipping_fee"":""0.00"",""option_name"":""Type A"",""spec_text"":""Size: Standard"",""component_text"":""1x Screw Adapter"",""seller_name"":""Great Parts Store"",""review_count"":""664"",""rating"":""4.1"",""stock_status"":""IN_STOCK"",""shipping_reliability_hint"":""NORMAL"",""recent_sales_hint"":""EXIST"",""checked_at"":""2026-04-26T10:43:07.162Z""}","{""original_page_checked"":false,""spec_verified"":false,""component_verified"":false,""compatibility_verified"":false,""price_verified"":false,""shipping_cost_verified"":false,""supplier_stock_verified"":false,""decision"":""HOLD""}","{""source_price_krw"":4679.7,""source_shipping_krw"":0,""int_shipping_krw"":0,""platform_fee"":1080,""payment_fee"":270,""return_buffer"":450,""final_landed_cost"":6479.7,""final_margin_rate"":0.28003333333333336}","{""selling_title_draft"":""[규격 확인] [자동번역] bicycle valve adapter - 상품 14"",""short_description"":"""",""key_specifications"":""Size: Standard"",""package_components"":""1x Screw Adapter"",""compatible_with"":"""",""not_compatible_with"":"""",""usage_notice"":"""",""size_notice"":"""",""shipping_notice"":"""",""return_notice"":"""",""overseas_purchase_notice"":"""",""customer_check_before_order"":"""",""blockers"":[""주요 스펙 누락"",""옵션 규격 불명확""],""warnings"":[]}"
RAW_bicycle_valve_adapter_17_a795k,[자동번역] bicycle valve adapter - 상품 17,BICYCLE,https://item.taobao.com/item.htm?id=RAW_bicycle_valve_adapter_17_a795k,REVIEW_ONLY,COLLECTED,BLOCKED_BY_REVIEW_REQUIRED,REVIEW_ONLY,[],[],"[""국내에서 구하기 불편한 부속품"",""판매 흔적 존재""]",[],0.3982363636363636,5,100,"리뷰 100건 이상, 평점 4.8 초과, 배송 신뢰도 높음",OPTION_MISSING,HIGH,NONE,23167.9,38500,2026-04-26T10:43:07.169Z,,,,,,,,,70,30,"{""intent"":""SPEC_MATCH"",""buyer"":""PROFESSIONAL""}","{""title"":""bicycle valve adapter - Item 17"",""price"":""81.41"",""shipping_fee"":""0.00"",""option_name"":""Type A"",""spec_text"":""Size: Standard"",""component_text"":""1x Screw Adapter"",""seller_name"":""Great Parts Store"",""review_count"":""748"",""rating"":""5.0"",""stock_status"":""IN_STOCK"",""shipping_reliability_hint"":""FAST"",""recent_sales_hint"":""EXIST"",""checked_at"":""2026-04-26T10:43:07.162Z""}","{""original_page_checked"":false,""spec_verified"":false,""component_verified"":false,""compatibility_verified"":false,""price_verified"":false,""shipping_cost_verified"":false,""supplier_stock_verified"":false,""decision"":""HOLD""}","{""source_price_krw"":15467.9,""source_shipping_krw"":0,""int_shipping_krw"":0,""platform_fee"":4620,""payment_fee"":1155,""return_buffer"":1925,""final_landed_cost"":23167.9,""final_margin_rate"":0.3982363636363636}","{""selling_title_draft"":""[규격 확인] [자동번역] bicycle valve adapter - 상품 17"",""short_description"":"""",""key_specifications"":""Size: Standard"",""package_components"":""1x Screw Adapter"",""compatible_with"":"""",""not_compatible_with"":"""",""usage_notice"":"""",""size_notice"":"""",""shipping_notice"":"""",""return_notice"":"""",""overseas_purchase_notice"":"""",""customer_check_before_order"":"""",""blockers"":[""주요 스펙 누락"",""옵션 규격 불명확""],""warnings"":[]}"
RAW_clamp_jig_2_96cfc,[자동번역] clamp jig - 상품 2,HARDWARE,https://item.taobao.com/item.htm?id=RAW_clamp_jig_2_96cfc,REVIEW_ONLY,COLLECTED,BLOCKED_BY_REVIEW_REQUIRED,REVIEW_ONLY,[],[],"[""반복구매/소모품 성격"",""국내에서 구하기 불편한 부속품""]",[],0.27259872611464975,1,100,"리뷰 100건 이상, 배송 신뢰도 높음",OPTION_MISSING,MEDIUM,NONE,22840.399999999998,31400,2026-04-26T10:43:07.169Z,,,,,,,,,80,30,"{""intent"":""SPEC_MATCH"",""buyer"":""PROFESSIONAL""}","{""title"":""clamp jig - Item 2"",""price"":""87.16"",""shipping_fee"":""0.00"",""option_name"":""Type A"",""spec_text"":""Material: Metal, Size: 1/4 to 3/8, Keyword Intent: SPEC_MATCH"",""component_text"":""1x Screw Adapter"",""seller_name"":""Great Parts Store"",""review_count"":""661"",""rating"":""4.5"",""stock_status"":""IN_STOCK"",""shipping_reliability_hint"":""FAST"",""recent_sales_hint"":""EXIST"",""checked_at"":""2026-04-26T10:43:07.162Z""}","{""original_page_checked"":false,""spec_verified"":false,""component_verified"":false,""compatibility_verified"":false,""price_verified"":false,""shipping_cost_verified"":false,""supplier_stock_verified"":false,""decision"":""HOLD""}","{""source_price_krw"":16560.399999999998,""source_shipping_krw"":0,""int_shipping_krw"":0,""platform_fee"":3768,""payment_fee"":942,""return_buffer"":1570,""final_landed_cost"":22840.399999999998,""final_margin_rate"":0.27259872611464975}","{""selling_title_draft"":""[규격 확인] [자동번역] clamp jig - 상품 2"",""short_description"":"""",""key_specifications"":""Material: Metal, Size: 1/4 to 3/8, Keyword Intent: SPEC_MATCH"",""package_components"":""1x Screw Adapter"",""compatible_with"":"""",""not_compatible_with"":"""",""usage_notice"":"""",""size_notice"":"""",""shipping_notice"":"""",""return_notice"":"""",""overseas_purchase_notice"":"""",""customer_check_before_order"":"""",""blockers"":[""옵션 규격 불명확""],""warnings"":[]}"
RAW_clamp_jig_3_aei62,[자동번역] clamp jig - 상품 3,HARDWARE,https://item.taobao.com/item.htm?id=RAW_clamp_jig_3_aei62,REVIEW_ONLY,COLLECTED,BLOCKED_BY_REVIEW_REQUIRED,REVIEW_ONLY,[],[],"[""반복구매/소모품 성격"",""국내에서 구하기 불편한 부속품""]",[],0.4040930232558139,1,100,리뷰 100건 이상,DETAIL_PAGE_NEEDS_WORK,HIGH,NONE,28186.4,47300,2026-04-26T10:43:07.169Z,,,,,,1,,,80,30,"{""intent"":""SPEC_MATCH"",""buyer"":""PROFESSIONAL""}","{""title"":""clamp jig - Item 3"",""price"":""98.56"",""shipping_fee"":""0.00"",""option_name"":""1/4"",""spec_text"":""Material: Metal, Size: 1/4 to 3/8, Keyword Intent: SPEC_MATCH"",""component_text"":""1x Screw Adapter"",""seller_name"":""Great Parts Store"",""review_count"":""198"",""rating"":""4.5"",""stock_status"":""IN_STOCK"",""shipping_reliability_hint"":""NORMAL"",""recent_sales_hint"":""EXIST"",""checked_at"":""2026-04-26T10:43:07.162Z""}","{""original_page_checked"":false,""spec_verified"":false,""component_verified"":false,""compatibility_verified"":false,""price_verified"":false,""shipping_cost_verified"":false,""supplier_stock_verified"":false,""decision"":""HOLD""}","{""source_price_krw"":18726.4,""source_shipping_krw"":0,""int_shipping_krw"":0,""platform_fee"":5676,""payment_fee"":1419,""return_buffer"":2365,""final_landed_cost"":28186.4,""final_margin_rate"":0.4040930232558139}","{""selling_title_draft"":""[규격 확인] [자동번역] clamp jig - 상품 3"",""short_description"":"""",""key_specifications"":""Material: Metal, Size: 1/4 to 3/8, Keyword Intent: SPEC_MATCH"",""package_components"":""1x Screw Adapter"",""compatible_with"":"""",""not_compatible_with"":"""",""usage_notice"":"""",""size_notice"":"""",""shipping_notice"":"""",""return_notice"":"""",""overseas_purchase_notice"":"""",""customer_check_before_order"":"""",""blockers"":[],""warnings"":[]}"
RAW_clamp_jig_6_0yh65,[자동번역] clamp jig - 상품 6,HARDWARE,https://item.taobao.com/item.htm?id=RAW_clamp_jig_6_0yh65,REVIEW_ONLY,COLLECTED,BLOCKED_BY_REVIEW_REQUIRED,REVIEW_ONLY,[],[],"[""반복구매/소모품 성격"",""판매 흔적 존재""]",[],0.4298708708708708,6,100,리뷰 100건 이상,DETAIL_PAGE_NEEDS_WORK,HIGH,NONE,18985.300000000003,33300,2026-04-26T10:43:07.169Z,,,,,,1,,,80,30,"{""intent"":""SPEC_MATCH"",""buyer"":""PROFESSIONAL""}","{""title"":""clamp jig - Item 6"",""price"":""64.87"",""shipping_fee"":""0.00"",""option_name"":""1/4"",""spec_text"":""Material: Metal, Size: 1/4 to 3/8, Keyword Intent: SPEC_MATCH"",""component_text"":""1x Screw Adapter"",""seller_name"":""Great Parts Store"",""review_count"":""382"",""rating"":""4.6"",""stock_status"":""IN_STOCK"",""shipping_reliability_hint"":""NORMAL"",""recent_sales_hint"":""EXIST"",""checked_at"":""2026-04-26T10:43:07.162Z""}","{""original_page_checked"":false,""spec_verified"":false,""component_verified"":false,""compatibility_verified"":false,""price_verified"":false,""shipping_cost_verified"":false,""supplier_stock_verified"":false,""decision"":""HOLD""}","{""source_price_krw"":12325.300000000001,""source_shipping_krw"":0,""int_shipping_krw"":0,""platform_fee"":3996,""payment_fee"":999,""return_buffer"":1665,""final_landed_cost"":18985.300000000003,""final_margin_rate"":0.4298708708708708}","{""selling_title_draft"":""[규격 확인] [자동번역] clamp jig - 상품 6"",""short_description"":"""",""key_specifications"":""Material: Metal, Size: 1/4 to 3/8, Keyword Intent: SPEC_MATCH"",""package_components"":""1x Screw Adapter"",""compatible_with"":"""",""not_compatible_with"":"""",""usage_notice"":"""",""size_notice"":"""",""shipping_notice"":"""",""return_notice"":"""",""overseas_purchase_notice"":"""",""customer_check_before_order"":"""",""blockers"":[],""warnings"":[]}"
RAW_clamp_jig_9_iqy3t,[자동번역] clamp jig - 상품 9,HARDWARE,https://item.taobao.com/item.htm?id=RAW_clamp_jig_9_iqy3t,REVIEW_ONLY,COLLECTED,BLOCKED_BY_REVIEW_REQUIRED,REVIEW_ONLY,[],[],"[""반복구매/소모품 성격"",""국내에서 구하기 불편한 부속품"",""판매 흔적 존재""]",[],0.25867272727272733,7,76,리뷰 및 평점 근거 부족,SUPPLIER_EVIDENCE_WEAK,MEDIUM,NONE,28541.1,38500,2026-04-26T10:43:07.169Z,,,,,,,,,70,30,"{""intent"":""SPEC_MATCH"",""buyer"":""PROFESSIONAL""}","{""title"":""clamp jig - Item 9"",""price"":""109.69"",""shipping_fee"":""0.00"",""option_name"":""1/4"",""spec_text"":""Size: Standard"",""component_text"":""1x Screw Adapter"",""seller_name"":""Great Parts Store"",""review_count"":""1"",""rating"":""4.0"",""stock_status"":""IN_STOCK"",""shipping_reliability_hint"":""NORMAL"",""recent_sales_hint"":""EXIST"",""checked_at"":""2026-04-26T10:43:07.162Z""}","{""original_page_checked"":false,""spec_verified"":false,""component_verified"":false,""compatibility_verified"":false,""price_verified"":false,""shipping_cost_verified"":false,""supplier_stock_verified"":false,""decision"":""HOLD""}","{""source_price_krw"":20841.1,""source_shipping_krw"":0,""int_shipping_krw"":0,""platform_fee"":4620,""payment_fee"":1155,""return_buffer"":1925,""final_landed_cost"":28541.1,""final_margin_rate"":0.25867272727272733}","{""selling_title_draft"":""[규격 확인] [자동번역] clamp jig - 상품 9"",""short_description"":"""",""key_specifications"":""Size: Standard"",""package_components"":""1x Screw Adapter"",""compatible_with"":"""",""not_compatible_with"":"""",""usage_notice"":"""",""size_notice"":"""",""shipping_notice"":"""",""return_notice"":"""",""overseas_purchase_notice"":"""",""customer_check_before_order"":"""",""blockers"":[""주요 스펙 누락""],""warnings"":[]}"
RAW_clamp_jig_10_rylbs,[자동번역] clamp jig - 상품 10,HARDWARE,https://item.taobao.com/item.htm?id=RAW_clamp_jig_10_rylbs,REVIEW_ONLY,COLLECTED,BLOCKED_BY_REVIEW_REQUIRED,REVIEW_ONLY,[],[],"[""반복구매/소모품 성격"",""판매 흔적 존재""]",[],0.39234533898305085,1,76,리뷰 및 평점 근거 부족,OPTION_MISSING,HIGH,NONE,28681.3,47200,2026-04-26T10:43:07.169Z,,,,,,,,,80,30,"{""intent"":""SPEC_MATCH"",""buyer"":""PROFESSIONAL""}","{""title"":""clamp jig - Item 10"",""price"":""101.27"",""shipping_fee"":""0.00"",""option_name"":""Type A"",""spec_text"":""Material: Metal, Size: 1/4 to 3/8, Keyword Intent: SPEC_MATCH"",""component_text"":""1x Screw Adapter"",""seller_name"":""Great Parts Store"",""review_count"":""2"",""rating"":""4.3"",""stock_status"":""IN_STOCK"",""shipping_reliability_hint"":""NORMAL"",""recent_sales_hint"":""EXIST"",""checked_at"":""2026-04-26T10:43:07.162Z""}","{""original_page_checked"":false,""spec_verified"":false,""component_verified"":false,""compatibility_verified"":false,""price_verified"":false,""shipping_cost_verified"":false,""supplier_stock_verified"":false,""decision"":""HOLD""}","{""source_price_krw"":19241.3,""source_shipping_krw"":0,""int_shipping_krw"":0,""platform_fee"":5664,""payment_fee"":1416,""return_buffer"":2360,""final_landed_cost"":28681.3,""final_margin_rate"":0.39234533898305085}","{""selling_title_draft"":""[규격 확인] [자동번역] clamp jig - 상품 10"",""short_description"":"""",""key_specifications"":""Material: Metal, Size: 1/4 to 3/8, Keyword Intent: SPEC_MATCH"",""package_components"":""1x Screw Adapter"",""compatible_with"":"""",""not_compatible_with"":"""",""usage_notice"":"""",""size_notice"":"""",""shipping_notice"":"""",""return_notice"":"""",""overseas_purchase_notice"":"""",""customer_check_before_order"":"""",""blockers"":[""옵션 규격 불명확""],""warnings"":[]}"
RAW_clamp_jig_12_yiqw6,[자동번역] clamp jig - 상품 12,HARDWARE,https://item.taobao.com/item.htm?id=RAW_clamp_jig_12_yiqw6,REVIEW_ONLY,COLLECTED,BLOCKED_BY_REVIEW_REQUIRED,REVIEW_ONLY,[],[],"[""반복구매/소모품 성격"",""국내에서 구하기 불편한 부속품"",""판매 흔적 존재""]",[],0.21099999999999997,9,100,리뷰 100건 이상,MARGIN_UNCERTAIN,MEDIUM,NONE,10967.1,13900,2026-04-26T10:43:07.169Z,,,,,,,,,70,30,"{""intent"":""SPEC_MATCH"",""buyer"":""PROFESSIONAL""}","{""title"":""clamp jig - Item 12"",""price"":""43.09"",""shipping_fee"":""0.00"",""option_name"":""1/4"",""spec_text"":""Size: Standard"",""component_text"":""1x Screw Adapter"",""seller_name"":""Great Parts Store"",""review_count"":""891"",""rating"":""4.4"",""stock_status"":""IN_STOCK"",""shipping_reliability_hint"":""NORMAL"",""recent_sales_hint"":""EXIST"",""checked_at"":""2026-04-26T10:43:07.162Z""}","{""original_page_checked"":false,""spec_verified"":false,""component_verified"":false,""compatibility_verified"":false,""price_verified"":false,""shipping_cost_verified"":false,""supplier_stock_verified"":false,""decision"":""HOLD""}","{""source_price_krw"":8187.1,""source_shipping_krw"":0,""int_shipping_krw"":0,""platform_fee"":1668,""payment_fee"":417,""return_buffer"":695,""final_landed_cost"":10967.1,""final_margin_rate"":0.21099999999999997}","{""selling_title_draft"":""[규격 확인] [자동번역] clamp jig - 상품 12"",""short_description"":"""",""key_specifications"":""Size: Standard"",""package_components"":""1x Screw Adapter"",""compatible_with"":"""",""not_compatible_with"":"""",""usage_notice"":"""",""size_notice"":"""",""shipping_notice"":"""",""return_notice"":"""",""overseas_purchase_notice"":"""",""customer_check_before_order"":"""",""blockers"":[""주요 스펙 누락""],""warnings"":[]}"
RAW_clamp_jig_13_ha6nf,[자동번역] clamp jig - 상품 13,HARDWARE,https://item.taobao.com/item.htm?id=RAW_clamp_jig_13_ha6nf,REVIEW_ONLY,COLLECTED,BLOCKED_BY_REVIEW_REQUIRED,REVIEW_ONLY,[],[],"[""반복구매/소모품 성격"",""국내에서 구하기 불편한 부속품"",""판매 흔적 존재"",""번들 판매 가능""]",[],0.4458399999999999,10,100,"리뷰 100건 이상, 배송 신뢰도 높음",OPTION_MISSING,HIGH,NONE,4156.200000000001,7500,2026-04-26T10:43:07.169Z,,,,,,,,,80,30,"{""intent"":""SPEC_MATCH"",""buyer"":""PROFESSIONAL""}","{""title"":""clamp jig - Item 13"",""price"":""13.98"",""shipping_fee"":""0.00"",""option_name"":""Type A"",""spec_text"":""Material: Metal, Size: 1/4 to 3/8, Keyword Intent: SPEC_MATCH"",""component_text"":""1x Screw Adapter"",""seller_name"":""Great Parts Store"",""review_count"":""512"",""rating"":""4.5"",""stock_status"":""IN_STOCK"",""shipping_reliability_hint"":""FAST"",""recent_sales_hint"":""EXIST"",""checked_at"":""2026-04-26T10:43:07.163Z""}","{""original_page_checked"":false,""spec_verified"":false,""component_verified"":false,""compatibility_verified"":false,""price_verified"":false,""shipping_cost_verified"":false,""supplier_stock_verified"":false,""decision"":""HOLD""}","{""source_price_krw"":2656.2000000000003,""source_shipping_krw"":0,""int_shipping_krw"":0,""platform_fee"":900,""payment_fee"":225,""return_buffer"":375,""final_landed_cost"":4156.200000000001,""final_margin_rate"":0.4458399999999999}","{""selling_title_draft"":""[규격 확인] [자동번역] clamp jig - 상품 13"",""short_description"":"""",""key_specifications"":""Material: Metal, Size: 1/4 to 3/8, Keyword Intent: SPEC_MATCH"",""package_components"":""1x Screw Adapter"",""compatible_with"":"""",""not_compatible_with"":"""",""usage_notice"":"""",""size_notice"":"""",""shipping_notice"":"""",""return_notice"":"""",""overseas_purchase_notice"":"""",""customer_check_before_order"":"""",""blockers"":[""옵션 규격 불명확""],""warnings"":[]}"
RAW_clamp_jig_16_m7non,[자동번역] clamp jig - 상품 16,HARDWARE,https://item.taobao.com/item.htm?id=RAW_clamp_jig_16_m7non,REVIEW_ONLY,COLLECTED,BLOCKED_BY_REVIEW_REQUIRED,REVIEW_ONLY,[],[],"[""반복구매/소모품 성격"",""번들 판매 가능""]",[],0.45625287356321836,8,81,"배송 신뢰도 높음, 리뷰 및 평점 근거 부족",OPTION_MISSING,HIGH,NONE,4730.6,8700,2026-04-26T10:43:07.170Z,,,,,,,,,80,30,"{""intent"":""SPEC_MATCH"",""buyer"":""PROFESSIONAL""}","{""title"":""clamp jig - Item 16"",""price"":""15.74"",""shipping_fee"":""0.00"",""option_name"":""Type A"",""spec_text"":""Material: Metal, Size: 1/4 to 3/8, Keyword Intent: SPEC_MATCH"",""component_text"":"""",""seller_name"":""Great Parts Store"",""review_count"":""0"",""rating"":""4.0"",""stock_status"":""IN_STOCK"",""shipping_reliability_hint"":""FAST"",""recent_sales_hint"":""EXIST"",""checked_at"":""2026-04-26T10:43:07.163Z""}","{""original_page_checked"":false,""spec_verified"":false,""component_verified"":false,""compatibility_verified"":false,""price_verified"":false,""shipping_cost_verified"":false,""supplier_stock_verified"":false,""decision"":""HOLD""}","{""source_price_krw"":2990.6,""source_shipping_krw"":0,""int_shipping_krw"":0,""platform_fee"":1044,""payment_fee"":261,""return_buffer"":435,""final_landed_cost"":4730.6,""final_margin_rate"":0.45625287356321836}","{""selling_title_draft"":""[규격 확인] [자동번역] clamp jig - 상품 16"",""short_description"":"""",""key_specifications"":""Material: Metal, Size: 1/4 to 3/8, Keyword Intent: SPEC_MATCH"",""package_components"":"""",""compatible_with"":"""",""not_compatible_with"":"""",""usage_notice"":"""",""size_notice"":"""",""shipping_notice"":"""",""return_notice"":"""",""overseas_purchase_notice"":"""",""customer_check_before_order"":"""",""blockers"":[""구성품 정보 누락"",""옵션 규격 불명확""],""warnings"":[]}"
